[
{
  "model": "admin.logentry",
  "pk": 1,
  "fields": {
    "action_time": "2025-10-04T01:15:58.577Z",
    "user": 1,
    "content_type": 9,
    "object_id": "90",
    "object_repr": "Nurkan Dumanlı (7C10)",
    "action_flag": 2,
    "change_message": "update through import_export"
  }
},
{
  "model": "admin.logentry",
  "pk": 2,
  "fields": {
    "action_time": "2025-10-04T01:15:58.578Z",
    "user": 1,
    "content_type": 9,
    "object_id": "89",
    "object_repr": "Çağdan Şama (7C09)",
    "action_flag": 2,
    "change_message": "update through import_export"
  }
},
{
  "model": "admin.logentry",
  "pk": 3,
  "fields": {
    "action_time": "2025-10-04T01:15:58.578Z",
    "user": 1,
    "content_type": 9,
    "object_id": "88",
    "object_repr": "Ümmet Erdoğan (7C08)",
    "action_flag": 2,
    "change_message": "update through import_export"
  }
},
{
  "model": "admin.logentry",
  "pk": 4,
  "fields": {
    "action_time": "2025-10-04T01:15:58.578Z",
    "user": 1,
    "content_type": 9,
    "object_id": "87",
    "object_repr": "Ermutlu Şama (7C07)",
    "action_flag": 2,
    "change_message": "update through import_export"
  }
},
{
  "model": "admin.logentry",
  "pk": 5,
  "fields": {
    "action_time": "2025-10-04T01:15:58.578Z",
    "user": 1,
    "content_type": 9,
    "object_id": "86",
    "object_repr": "Paksu Sezer (7C06)",
    "action_flag": 2,
    "change_message": "update through import_export"
  }
},
{
  "model": "admin.logentry",
  "pk": 6,
  "fields": {
    "action_time": "2025-10-04T01:15:58.578Z",
    "user": 1,
    "content_type": 9,
    "object_id": "85",
    "object_repr": "Salkın Tevetoğlu (7C05)",
    "action_flag": 2,
    "change_message": "update through import_export"
  }
},
{
  "model": "admin.logentry",
  "pk": 7,
  "fields": {
    "action_time": "2025-10-04T01:15:58.578Z",
    "user": 1,
    "content_type": 9,
    "object_id": "84",
    "object_repr": "Melûl Duran (7C04)",
    "action_flag": 2,
    "change_message": "update through import_export"
  }
},
{
  "model": "admin.logentry",
  "pk": 8,
  "fields": {
    "action_time": "2025-10-04T01:15:58.578Z",
    "user": 1,
    "content_type": 9,
    "object_id": "83",
    "object_repr": "Taylak Yılmaz (7C03)",
    "action_flag": 2,
    "change_message": "update through import_export"
  }
},
{
  "model": "admin.logentry",
  "pk": 9,
  "fields": {
    "action_time": "2025-10-04T01:15:58.578Z",
    "user": 1,
    "content_type": 9,
    "object_id": "82",
    "object_repr": "Altoğan Sakarya (7C02)",
    "action_flag": 2,
    "change_message": "update through import_export"
  }
},
{
  "model": "admin.logentry",
  "pk": 10,
  "fields": {
    "action_time": "2025-10-04T01:15:58.579Z",
    "user": 1,
    "content_type": 9,
    "object_id": "81",
    "object_repr": "Acar Arsoy (7C01)",
    "action_flag": 2,
    "change_message": "update through import_export"
  }
},
{
  "model": "admin.logentry",
  "pk": 11,
  "fields": {
    "action_time": "2025-10-04T01:15:58.579Z",
    "user": 1,
    "content_type": 9,
    "object_id": "80",
    "object_repr": "Çevregül İhsanoğlu (7B10)",
    "action_flag": 2,
    "change_message": "update through import_export"
  }
},
{
  "model": "admin.logentry",
  "pk": 12,
  "fields": {
    "action_time": "2025-10-04T01:15:58.579Z",
    "user": 1,
    "content_type": 9,
    "object_id": "79",
    "object_repr": "Sefer Aksu (7B09)",
    "action_flag": 2,
    "change_message": "update through import_export"
  }
},
{
  "model": "admin.logentry",
  "pk": 13,
  "fields": {
    "action_time": "2025-10-04T01:15:58.579Z",
    "user": 1,
    "content_type": 9,
    "object_id": "78",
    "object_repr": "İklim Sakarya (7B08)",
    "action_flag": 2,
    "change_message": "update through import_export"
  }
},
{
  "model": "admin.logentry",
  "pk": 14,
  "fields": {
    "action_time": "2025-10-04T01:15:58.579Z",
    "user": 1,
    "content_type": 9,
    "object_id": "77",
    "object_repr": "Nasuf Bilgin (7B07)",
    "action_flag": 2,
    "change_message": "update through import_export"
  }
},
{
  "model": "admin.logentry",
  "pk": 15,
  "fields": {
    "action_time": "2025-10-04T01:15:58.579Z",
    "user": 1,
    "content_type": 9,
    "object_id": "76",
    "object_repr": "Cansin Eraslan (7B06)",
    "action_flag": 2,
    "change_message": "update through import_export"
  }
},
{
  "model": "admin.logentry",
  "pk": 16,
  "fields": {
    "action_time": "2025-10-04T01:15:58.580Z",
    "user": 1,
    "content_type": 9,
    "object_id": "75",
    "object_repr": "Timurtaş Dumanlı (7B05)",
    "action_flag": 2,
    "change_message": "update through import_export"
  }
},
{
  "model": "admin.logentry",
  "pk": 17,
  "fields": {
    "action_time": "2025-10-04T01:15:58.580Z",
    "user": 1,
    "content_type": 9,
    "object_id": "74",
    "object_repr": "Sevdi Aslan (7B04)",
    "action_flag": 2,
    "change_message": "update through import_export"
  }
},
{
  "model": "admin.logentry",
  "pk": 18,
  "fields": {
    "action_time": "2025-10-04T01:15:58.580Z",
    "user": 1,
    "content_type": 9,
    "object_id": "73",
    "object_repr": "Zaliha Karadeniz (7B03)",
    "action_flag": 2,
    "change_message": "update through import_export"
  }
},
{
  "model": "admin.logentry",
  "pk": 19,
  "fields": {
    "action_time": "2025-10-04T01:15:58.580Z",
    "user": 1,
    "content_type": 9,
    "object_id": "72",
    "object_repr": "Şirivan Çetin (7B02)",
    "action_flag": 2,
    "change_message": "update through import_export"
  }
},
{
  "model": "admin.logentry",
  "pk": 20,
  "fields": {
    "action_time": "2025-10-04T01:15:58.580Z",
    "user": 1,
    "content_type": 9,
    "object_id": "71",
    "object_repr": "Müzekker Hayrioğlu (7B01)",
    "action_flag": 2,
    "change_message": "update through import_export"
  }
},
{
  "model": "admin.logentry",
  "pk": 21,
  "fields": {
    "action_time": "2025-10-04T01:15:58.580Z",
    "user": 1,
    "content_type": 9,
    "object_id": "70",
    "object_repr": "Mahigül Aksu (7A10)",
    "action_flag": 2,
    "change_message": "update through import_export"
  }
},
{
  "model": "admin.logentry",
  "pk": 22,
  "fields": {
    "action_time": "2025-10-04T01:15:58.580Z",
    "user": 1,
    "content_type": 9,
    "object_id": "69",
    "object_repr": "Atagün Yüksel (7A09)",
    "action_flag": 2,
    "change_message": "update through import_export"
  }
},
{
  "model": "admin.logentry",
  "pk": 23,
  "fields": {
    "action_time": "2025-10-04T01:15:58.581Z",
    "user": 1,
    "content_type": 9,
    "object_id": "68",
    "object_repr": "Urhan Şener (7A08)",
    "action_flag": 2,
    "change_message": "update through import_export"
  }
},
{
  "model": "admin.logentry",
  "pk": 24,
  "fields": {
    "action_time": "2025-10-04T01:15:58.581Z",
    "user": 1,
    "content_type": 9,
    "object_id": "67",
    "object_repr": "Süzer Fırat (7A07)",
    "action_flag": 2,
    "change_message": "update through import_export"
  }
},
{
  "model": "admin.logentry",
  "pk": 25,
  "fields": {
    "action_time": "2025-10-04T01:15:58.581Z",
    "user": 1,
    "content_type": 9,
    "object_id": "66",
    "object_repr": "Tarancı Çetin (7A06)",
    "action_flag": 2,
    "change_message": "update through import_export"
  }
},
{
  "model": "admin.logentry",
  "pk": 26,
  "fields": {
    "action_time": "2025-10-04T01:15:58.581Z",
    "user": 1,
    "content_type": 9,
    "object_id": "65",
    "object_repr": "Münezzer Alemdar (7A05)",
    "action_flag": 2,
    "change_message": "update through import_export"
  }
},
{
  "model": "admin.logentry",
  "pk": 27,
  "fields": {
    "action_time": "2025-10-04T01:15:58.581Z",
    "user": 1,
    "content_type": 9,
    "object_id": "64",
    "object_repr": "Fersan Seven (7A04)",
    "action_flag": 2,
    "change_message": "update through import_export"
  }
},
{
  "model": "admin.logentry",
  "pk": 28,
  "fields": {
    "action_time": "2025-10-04T01:15:58.581Z",
    "user": 1,
    "content_type": 9,
    "object_id": "63",
    "object_repr": "Cansin Akgündüz (7A03)",
    "action_flag": 2,
    "change_message": "update through import_export"
  }
},
{
  "model": "admin.logentry",
  "pk": 29,
  "fields": {
    "action_time": "2025-10-04T01:15:58.581Z",
    "user": 1,
    "content_type": 9,
    "object_id": "62",
    "object_repr": "Baba Çamurcuoğlu (7A02)",
    "action_flag": 2,
    "change_message": "update through import_export"
  }
},
{
  "model": "admin.logentry",
  "pk": 30,
  "fields": {
    "action_time": "2025-10-04T01:15:58.581Z",
    "user": 1,
    "content_type": 9,
    "object_id": "61",
    "object_repr": "Nurşan Akçay (7A01)",
    "action_flag": 2,
    "change_message": "update through import_export"
  }
},
{
  "model": "admin.logentry",
  "pk": 31,
  "fields": {
    "action_time": "2025-10-04T01:15:58.581Z",
    "user": 1,
    "content_type": 9,
    "object_id": "60",
    "object_repr": "Bediriye Durmuş (6C10)",
    "action_flag": 2,
    "change_message": "update through import_export"
  }
},
{
  "model": "admin.logentry",
  "pk": 32,
  "fields": {
    "action_time": "2025-10-04T01:15:58.582Z",
    "user": 1,
    "content_type": 9,
    "object_id": "59",
    "object_repr": "Yurtseven Mansız (6C09)",
    "action_flag": 2,
    "change_message": "update through import_export"
  }
},
{
  "model": "admin.logentry",
  "pk": 33,
  "fields": {
    "action_time": "2025-10-04T01:15:58.582Z",
    "user": 1,
    "content_type": 9,
    "object_id": "58",
    "object_repr": "Binbaşar Şama (6C08)",
    "action_flag": 2,
    "change_message": "update through import_export"
  }
},
{
  "model": "admin.logentry",
  "pk": 34,
  "fields": {
    "action_time": "2025-10-04T01:15:58.582Z",
    "user": 1,
    "content_type": 9,
    "object_id": "57",
    "object_repr": "İvecen Zengin (6C07)",
    "action_flag": 2,
    "change_message": "update through import_export"
  }
},
{
  "model": "admin.logentry",
  "pk": 35,
  "fields": {
    "action_time": "2025-10-04T01:15:58.582Z",
    "user": 1,
    "content_type": 9,
    "object_id": "56",
    "object_repr": "Mehdiye Zengin (6C06)",
    "action_flag": 2,
    "change_message": "update through import_export"
  }
},
{
  "model": "admin.logentry",
  "pk": 36,
  "fields": {
    "action_time": "2025-10-04T01:15:58.582Z",
    "user": 1,
    "content_type": 9,
    "object_id": "55",
    "object_repr": "Dalan Demir (6C05)",
    "action_flag": 2,
    "change_message": "update through import_export"
  }
},
{
  "model": "admin.logentry",
  "pk": 37,
  "fields": {
    "action_time": "2025-10-04T01:15:58.582Z",
    "user": 1,
    "content_type": 9,
    "object_id": "54",
    "object_repr": "Önsal Sezer (6C04)",
    "action_flag": 2,
    "change_message": "update through import_export"
  }
},
{
  "model": "admin.logentry",
  "pk": 38,
  "fields": {
    "action_time": "2025-10-04T01:15:58.582Z",
    "user": 1,
    "content_type": 9,
    "object_id": "53",
    "object_repr": "Nurkan Hayrioğlu (6C03)",
    "action_flag": 2,
    "change_message": "update through import_export"
  }
},
{
  "model": "admin.logentry",
  "pk": 39,
  "fields": {
    "action_time": "2025-10-04T01:15:58.583Z",
    "user": 1,
    "content_type": 9,
    "object_id": "52",
    "object_repr": "Tuğrulhan Aslan (6C02)",
    "action_flag": 2,
    "change_message": "update through import_export"
  }
},
{
  "model": "admin.logentry",
  "pk": 40,
  "fields": {
    "action_time": "2025-10-04T01:15:58.583Z",
    "user": 1,
    "content_type": 9,
    "object_id": "51",
    "object_repr": "Zinnure Hançer (6C01)",
    "action_flag": 2,
    "change_message": "update through import_export"
  }
},
{
  "model": "admin.logentry",
  "pk": 41,
  "fields": {
    "action_time": "2025-10-04T01:15:58.583Z",
    "user": 1,
    "content_type": 9,
    "object_id": "50",
    "object_repr": "Altoğan Mansız (6B10)",
    "action_flag": 2,
    "change_message": "update through import_export"
  }
},
{
  "model": "admin.logentry",
  "pk": 42,
  "fields": {
    "action_time": "2025-10-04T01:15:58.583Z",
    "user": 1,
    "content_type": 9,
    "object_id": "49",
    "object_repr": "Münif Duran (6B09)",
    "action_flag": 2,
    "change_message": "update through import_export"
  }
},
{
  "model": "admin.logentry",
  "pk": 43,
  "fields": {
    "action_time": "2025-10-04T01:15:58.583Z",
    "user": 1,
    "content_type": 9,
    "object_id": "48",
    "object_repr": "Törel İnönü (6B08)",
    "action_flag": 2,
    "change_message": "update through import_export"
  }
},
{
  "model": "admin.logentry",
  "pk": 44,
  "fields": {
    "action_time": "2025-10-04T01:15:58.583Z",
    "user": 1,
    "content_type": 9,
    "object_id": "47",
    "object_repr": "Ahsen Bilgin (6B07)",
    "action_flag": 2,
    "change_message": "update through import_export"
  }
},
{
  "model": "admin.logentry",
  "pk": 45,
  "fields": {
    "action_time": "2025-10-04T01:15:58.584Z",
    "user": 1,
    "content_type": 9,
    "object_id": "46",
    "object_repr": "Yosma Türk (6B06)",
    "action_flag": 2,
    "change_message": "update through import_export"
  }
},
{
  "model": "admin.logentry",
  "pk": 46,
  "fields": {
    "action_time": "2025-10-04T01:15:58.584Z",
    "user": 1,
    "content_type": 9,
    "object_id": "45",
    "object_repr": "Yekbun Akçay (6B05)",
    "action_flag": 2,
    "change_message": "update through import_export"
  }
},
{
  "model": "admin.logentry",
  "pk": 47,
  "fields": {
    "action_time": "2025-10-04T01:15:58.584Z",
    "user": 1,
    "content_type": 9,
    "object_id": "44",
    "object_repr": "Gülbeyan Kısakürek (6B04)",
    "action_flag": 2,
    "change_message": "update through import_export"
  }
},
{
  "model": "admin.logentry",
  "pk": 48,
  "fields": {
    "action_time": "2025-10-04T01:15:58.584Z",
    "user": 1,
    "content_type": 9,
    "object_id": "43",
    "object_repr": "Limon Aksu (6B03)",
    "action_flag": 2,
    "change_message": "update through import_export"
  }
},
{
  "model": "admin.logentry",
  "pk": 49,
  "fields": {
    "action_time": "2025-10-04T01:15:58.584Z",
    "user": 1,
    "content_type": 9,
    "object_id": "42",
    "object_repr": "Orgün Ülker (6B02)",
    "action_flag": 2,
    "change_message": "update through import_export"
  }
},
{
  "model": "admin.logentry",
  "pk": 50,
  "fields": {
    "action_time": "2025-10-04T01:15:58.584Z",
    "user": 1,
    "content_type": 9,
    "object_id": "41",
    "object_repr": "Hamiyet Alemdar (6B01)",
    "action_flag": 2,
    "change_message": "update through import_export"
  }
},
{
  "model": "admin.logentry",
  "pk": 51,
  "fields": {
    "action_time": "2025-10-04T01:15:58.584Z",
    "user": 1,
    "content_type": 9,
    "object_id": "40",
    "object_repr": "Delil Şensoy (6A10)",
    "action_flag": 2,
    "change_message": "update through import_export"
  }
},
{
  "model": "admin.logentry",
  "pk": 52,
  "fields": {
    "action_time": "2025-10-04T01:15:58.584Z",
    "user": 1,
    "content_type": 9,
    "object_id": "39",
    "object_repr": "Kocabaş Akdeniz (6A09)",
    "action_flag": 2,
    "change_message": "update through import_export"
  }
},
{
  "model": "admin.logentry",
  "pk": 53,
  "fields": {
    "action_time": "2025-10-04T01:15:58.584Z",
    "user": 1,
    "content_type": 9,
    "object_id": "38",
    "object_repr": "Tahir Çamurcuoğlu (6A08)",
    "action_flag": 2,
    "change_message": "update through import_export"
  }
},
{
  "model": "admin.logentry",
  "pk": 54,
  "fields": {
    "action_time": "2025-10-04T01:15:58.584Z",
    "user": 1,
    "content_type": 9,
    "object_id": "37",
    "object_repr": "Pekkan Bilir (6A07)",
    "action_flag": 2,
    "change_message": "update through import_export"
  }
},
{
  "model": "admin.logentry",
  "pk": 55,
  "fields": {
    "action_time": "2025-10-04T01:15:58.584Z",
    "user": 1,
    "content_type": 9,
    "object_id": "36",
    "object_repr": "Mihrab Akça (6A06)",
    "action_flag": 2,
    "change_message": "update through import_export"
  }
},
{
  "model": "admin.logentry",
  "pk": 56,
  "fields": {
    "action_time": "2025-10-04T01:15:58.584Z",
    "user": 1,
    "content_type": 9,
    "object_id": "35",
    "object_repr": "Sağcan Manço (6A05)",
    "action_flag": 2,
    "change_message": "update through import_export"
  }
},
{
  "model": "admin.logentry",
  "pk": 57,
  "fields": {
    "action_time": "2025-10-04T01:15:58.584Z",
    "user": 1,
    "content_type": 9,
    "object_id": "34",
    "object_repr": "Mengüç Ergül (6A04)",
    "action_flag": 2,
    "change_message": "update through import_export"
  }
},
{
  "model": "admin.logentry",
  "pk": 58,
  "fields": {
    "action_time": "2025-10-04T01:15:58.584Z",
    "user": 1,
    "content_type": 9,
    "object_id": "33",
    "object_repr": "Behrem Çetin (6A03)",
    "action_flag": 2,
    "change_message": "update through import_export"
  }
},
{
  "model": "admin.logentry",
  "pk": 59,
  "fields": {
    "action_time": "2025-10-04T01:15:58.585Z",
    "user": 1,
    "content_type": 9,
    "object_id": "32",
    "object_repr": "Teber Akgündüz (6A02)",
    "action_flag": 2,
    "change_message": "update through import_export"
  }
},
{
  "model": "admin.logentry",
  "pk": 60,
  "fields": {
    "action_time": "2025-10-04T01:15:58.585Z",
    "user": 1,
    "content_type": 9,
    "object_id": "31",
    "object_repr": "Yurdanur Gül (6A01)",
    "action_flag": 2,
    "change_message": "update through import_export"
  }
},
{
  "model": "admin.logentry",
  "pk": 61,
  "fields": {
    "action_time": "2025-10-04T01:15:58.585Z",
    "user": 1,
    "content_type": 9,
    "object_id": "30",
    "object_repr": "Mestur Yıldırım (5C10)",
    "action_flag": 2,
    "change_message": "update through import_export"
  }
},
{
  "model": "admin.logentry",
  "pk": 62,
  "fields": {
    "action_time": "2025-10-04T01:15:58.585Z",
    "user": 1,
    "content_type": 9,
    "object_id": "29",
    "object_repr": "Şeyda Öcalan (5C09)",
    "action_flag": 2,
    "change_message": "update through import_export"
  }
},
{
  "model": "admin.logentry",
  "pk": 63,
  "fields": {
    "action_time": "2025-10-04T01:15:58.585Z",
    "user": 1,
    "content_type": 9,
    "object_id": "28",
    "object_repr": "Fitnat Eraslan (5C08)",
    "action_flag": 2,
    "change_message": "update through import_export"
  }
},
{
  "model": "admin.logentry",
  "pk": 64,
  "fields": {
    "action_time": "2025-10-04T01:15:58.585Z",
    "user": 1,
    "content_type": 9,
    "object_id": "27",
    "object_repr": "Maşide Akçay (5C07)",
    "action_flag": 2,
    "change_message": "update through import_export"
  }
},
{
  "model": "admin.logentry",
  "pk": 65,
  "fields": {
    "action_time": "2025-10-04T01:15:58.585Z",
    "user": 1,
    "content_type": 9,
    "object_id": "26",
    "object_repr": "Tuğtaş Durdu (5C06)",
    "action_flag": 2,
    "change_message": "update through import_export"
  }
},
{
  "model": "admin.logentry",
  "pk": 66,
  "fields": {
    "action_time": "2025-10-04T01:15:58.585Z",
    "user": 1,
    "content_type": 9,
    "object_id": "25",
    "object_repr": "Özsözlü Hayrioğlu (5C05)",
    "action_flag": 2,
    "change_message": "update through import_export"
  }
},
{
  "model": "admin.logentry",
  "pk": 67,
  "fields": {
    "action_time": "2025-10-04T01:15:58.585Z",
    "user": 1,
    "content_type": 9,
    "object_id": "24",
    "object_repr": "Sezen Hayrioğlu (5C04)",
    "action_flag": 2,
    "change_message": "update through import_export"
  }
},
{
  "model": "admin.logentry",
  "pk": 68,
  "fields": {
    "action_time": "2025-10-04T01:15:58.585Z",
    "user": 1,
    "content_type": 9,
    "object_id": "23",
    "object_repr": "İyiyürek Fırat (5C03)",
    "action_flag": 2,
    "change_message": "update through import_export"
  }
},
{
  "model": "admin.logentry",
  "pk": 69,
  "fields": {
    "action_time": "2025-10-04T01:15:58.585Z",
    "user": 1,
    "content_type": 9,
    "object_id": "22",
    "object_repr": "Günver Karadeniz (5C02)",
    "action_flag": 2,
    "change_message": "update through import_export"
  }
},
{
  "model": "admin.logentry",
  "pk": 70,
  "fields": {
    "action_time": "2025-10-04T01:15:58.585Z",
    "user": 1,
    "content_type": 9,
    "object_id": "21",
    "object_repr": "Nafii Dumanlı (5C01)",
    "action_flag": 2,
    "change_message": "update through import_export"
  }
},
{
  "model": "admin.logentry",
  "pk": 71,
  "fields": {
    "action_time": "2025-10-04T01:15:58.585Z",
    "user": 1,
    "content_type": 9,
    "object_id": "20",
    "object_repr": "Mutasım Demirel (5B10)",
    "action_flag": 2,
    "change_message": "update through import_export"
  }
},
{
  "model": "admin.logentry",
  "pk": 72,
  "fields": {
    "action_time": "2025-10-04T01:15:58.585Z",
    "user": 1,
    "content_type": 9,
    "object_id": "19",
    "object_repr": "Erbay Korutürk (5B09)",
    "action_flag": 2,
    "change_message": "update through import_export"
  }
},
{
  "model": "admin.logentry",
  "pk": 73,
  "fields": {
    "action_time": "2025-10-04T01:15:58.585Z",
    "user": 1,
    "content_type": 9,
    "object_id": "18",
    "object_repr": "Gençay Akça (5B08)",
    "action_flag": 2,
    "change_message": "update through import_export"
  }
},
{
  "model": "admin.logentry",
  "pk": 74,
  "fields": {
    "action_time": "2025-10-04T01:15:58.585Z",
    "user": 1,
    "content_type": 9,
    "object_id": "17",
    "object_repr": "Feryas Durdu (5B07)",
    "action_flag": 2,
    "change_message": "update through import_export"
  }
},
{
  "model": "admin.logentry",
  "pk": 75,
  "fields": {
    "action_time": "2025-10-04T01:15:58.585Z",
    "user": 1,
    "content_type": 9,
    "object_id": "16",
    "object_repr": "Mefarettin Durdu (5B06)",
    "action_flag": 2,
    "change_message": "update through import_export"
  }
},
{
  "model": "admin.logentry",
  "pk": 76,
  "fields": {
    "action_time": "2025-10-04T01:15:58.585Z",
    "user": 1,
    "content_type": 9,
    "object_id": "15",
    "object_repr": "Ahter Bilgin (5B05)",
    "action_flag": 2,
    "change_message": "update through import_export"
  }
},
{
  "model": "admin.logentry",
  "pk": 77,
  "fields": {
    "action_time": "2025-10-04T01:15:58.585Z",
    "user": 1,
    "content_type": 9,
    "object_id": "14",
    "object_repr": "Göksev Ergül (5B04)",
    "action_flag": 2,
    "change_message": "update through import_export"
  }
},
{
  "model": "admin.logentry",
  "pk": 78,
  "fields": {
    "action_time": "2025-10-04T01:15:58.585Z",
    "user": 1,
    "content_type": 9,
    "object_id": "13",
    "object_repr": "Akver Duran (5B03)",
    "action_flag": 2,
    "change_message": "update through import_export"
  }
},
{
  "model": "admin.logentry",
  "pk": 79,
  "fields": {
    "action_time": "2025-10-04T01:15:58.585Z",
    "user": 1,
    "content_type": 9,
    "object_id": "12",
    "object_repr": "Verde Kısakürek (5B02)",
    "action_flag": 2,
    "change_message": "update through import_export"
  }
},
{
  "model": "admin.logentry",
  "pk": 80,
  "fields": {
    "action_time": "2025-10-04T01:15:58.585Z",
    "user": 1,
    "content_type": 9,
    "object_id": "11",
    "object_repr": "Özdil Sezer (5B01)",
    "action_flag": 2,
    "change_message": "update through import_export"
  }
},
{
  "model": "admin.logentry",
  "pk": 81,
  "fields": {
    "action_time": "2025-10-04T01:15:58.586Z",
    "user": 1,
    "content_type": 9,
    "object_id": "10",
    "object_repr": "Canur Tevetoğlu (5A10)",
    "action_flag": 2,
    "change_message": "update through import_export"
  }
},
{
  "model": "admin.logentry",
  "pk": 82,
  "fields": {
    "action_time": "2025-10-04T01:15:58.586Z",
    "user": 1,
    "content_type": 9,
    "object_id": "9",
    "object_repr": "Hüsnühâl Kısakürek (5A09)",
    "action_flag": 2,
    "change_message": "update through import_export"
  }
},
{
  "model": "admin.logentry",
  "pk": 83,
  "fields": {
    "action_time": "2025-10-04T01:15:58.586Z",
    "user": 1,
    "content_type": 9,
    "object_id": "8",
    "object_repr": "Kahir Soylu (5A08)",
    "action_flag": 2,
    "change_message": "update through import_export"
  }
},
{
  "model": "admin.logentry",
  "pk": 84,
  "fields": {
    "action_time": "2025-10-04T01:15:58.586Z",
    "user": 1,
    "content_type": 9,
    "object_id": "7",
    "object_repr": "Hekime Sezgin (5A07)",
    "action_flag": 2,
    "change_message": "update through import_export"
  }
},
{
  "model": "admin.logentry",
  "pk": 85,
  "fields": {
    "action_time": "2025-10-04T01:15:58.586Z",
    "user": 1,
    "content_type": 9,
    "object_id": "6",
    "object_repr": "Tercan Zengin (5A06)",
    "action_flag": 2,
    "change_message": "update through import_export"
  }
},
{
  "model": "admin.logentry",
  "pk": 86,
  "fields": {
    "action_time": "2025-10-04T01:15:58.586Z",
    "user": 1,
    "content_type": 9,
    "object_id": "5",
    "object_repr": "Tercan Eraslan (5A05)",
    "action_flag": 2,
    "change_message": "update through import_export"
  }
},
{
  "model": "admin.logentry",
  "pk": 87,
  "fields": {
    "action_time": "2025-10-04T01:15:58.586Z",
    "user": 1,
    "content_type": 9,
    "object_id": "4",
    "object_repr": "İlgi Çamurcuoğlu (5A04)",
    "action_flag": 2,
    "change_message": "update through import_export"
  }
},
{
  "model": "admin.logentry",
  "pk": 88,
  "fields": {
    "action_time": "2025-10-04T01:15:58.586Z",
    "user": 1,
    "content_type": 9,
    "object_id": "3",
    "object_repr": "Kutgün Korutürk (5A03)",
    "action_flag": 2,
    "change_message": "update through import_export"
  }
},
{
  "model": "admin.logentry",
  "pk": 89,
  "fields": {
    "action_time": "2025-10-04T01:15:58.586Z",
    "user": 1,
    "content_type": 9,
    "object_id": "2",
    "object_repr": "Burakhan Akça (5A02)",
    "action_flag": 2,
    "change_message": "update through import_export"
  }
},
{
  "model": "admin.logentry",
  "pk": 90,
  "fields": {
    "action_time": "2025-10-04T01:15:58.586Z",
    "user": 1,
    "content_type": 9,
    "object_id": "1",
    "object_repr": "Uluğbey Çetin (5A01)",
    "action_flag": 2,
    "change_message": "update through import_export"
  }
},
{
  "model": "admin.logentry",
  "pk": 91,
  "fields": {
    "action_time": "2025-10-04T01:15:58.603Z",
    "user": 1,
    "content_type": 9,
    "object_id": "161",
    "object_repr": "A t (11)",
    "action_flag": 1,
    "change_message": "new through import_export"
  }
},
{
  "model": "admin.logentry",
  "pk": 92,
  "fields": {
    "action_time": "2025-10-04T01:15:58.603Z",
    "user": 1,
    "content_type": 9,
    "object_id": "162",
    "object_repr": "b t (12)",
    "action_flag": 1,
    "change_message": "new through import_export"
  }
},
{
  "model": "admin.logentry",
  "pk": 93,
  "fields": {
    "action_time": "2025-10-04T01:15:58.603Z",
    "user": 1,
    "content_type": 9,
    "object_id": "163",
    "object_repr": "can t (13)",
    "action_flag": 1,
    "change_message": "new through import_export"
  }
},
{
  "model": "admin.logentry",
  "pk": 94,
  "fields": {
    "action_time": "2025-10-04T01:15:58.604Z",
    "user": 1,
    "content_type": 9,
    "object_id": "164",
    "object_repr": "d t (14)",
    "action_flag": 1,
    "change_message": "new through import_export"
  }
},
{
  "model": "admin.logentry",
  "pk": 95,
  "fields": {
    "action_time": "2025-10-04T01:15:58.604Z",
    "user": 1,
    "content_type": 9,
    "object_id": "165",
    "object_repr": "er t (15)",
    "action_flag": 1,
    "change_message": "new through import_export"
  }
},
{
  "model": "admin.logentry",
  "pk": 96,
  "fields": {
    "action_time": "2025-10-04T01:15:58.604Z",
    "user": 1,
    "content_type": 9,
    "object_id": "166",
    "object_repr": "f t (16)",
    "action_flag": 1,
    "change_message": "new through import_export"
  }
},
{
  "model": "admin.logentry",
  "pk": 97,
  "fields": {
    "action_time": "2025-10-04T01:15:58.604Z",
    "user": 1,
    "content_type": 9,
    "object_id": "167",
    "object_repr": "g t (17)",
    "action_flag": 1,
    "change_message": "new through import_export"
  }
},
{
  "model": "admin.logentry",
  "pk": 98,
  "fields": {
    "action_time": "2025-10-04T01:15:58.604Z",
    "user": 1,
    "content_type": 9,
    "object_id": "168",
    "object_repr": "h t (18)",
    "action_flag": 1,
    "change_message": "new through import_export"
  }
},
{
  "model": "admin.logentry",
  "pk": 99,
  "fields": {
    "action_time": "2025-10-04T01:15:58.604Z",
    "user": 1,
    "content_type": 9,
    "object_id": "169",
    "object_repr": "i t (19)",
    "action_flag": 1,
    "change_message": "new through import_export"
  }
},
{
  "model": "admin.logentry",
  "pk": 100,
  "fields": {
    "action_time": "2025-10-04T01:15:58.604Z",
    "user": 1,
    "content_type": 9,
    "object_id": "170",
    "object_repr": "r t (20)",
    "action_flag": 1,
    "change_message": "new through import_export"
  }
},
{
  "model": "admin.logentry",
  "pk": 101,
  "fields": {
    "action_time": "2025-10-04T01:20:20.838Z",
    "user": 1,
    "content_type": 9,
    "object_id": "120",
    "object_repr": "Zoral Hançer (8C10)",
    "action_flag": 2,
    "change_message": "[{\"changed\": {\"fields\": [\"Pasif tarihi\"]}}]"
  }
},
{
  "model": "admin.logentry",
  "pk": 102,
  "fields": {
    "action_time": "2025-10-04T01:20:29.332Z",
    "user": 1,
    "content_type": 9,
    "object_id": "119",
    "object_repr": "Muvaffak Durdu (8C09)",
    "action_flag": 2,
    "change_message": "[{\"changed\": {\"fields\": [\"Pasif tarihi\"]}}]"
  }
},
{
  "model": "admin.logentry",
  "pk": 103,
  "fields": {
    "action_time": "2025-10-04T01:20:37.740Z",
    "user": 1,
    "content_type": 9,
    "object_id": "118",
    "object_repr": "Ruhide Şafak (8C08)",
    "action_flag": 2,
    "change_message": "[{\"changed\": {\"fields\": [\"Pasif tarihi\"]}}]"
  }
},
{
  "model": "auth.permission",
  "pk": 1,
  "fields": {
    "name": "Can add log entry",
    "content_type": 1,
    "codename": "add_logentry"
  }
},
{
  "model": "auth.permission",
  "pk": 2,
  "fields": {
    "name": "Can change log entry",
    "content_type": 1,
    "codename": "change_logentry"
  }
},
{
  "model": "auth.permission",
  "pk": 3,
  "fields": {
    "name": "Can delete log entry",
    "content_type": 1,
    "codename": "delete_logentry"
  }
},
{
  "model": "auth.permission",
  "pk": 4,
  "fields": {
    "name": "Can view log entry",
    "content_type": 1,
    "codename": "view_logentry"
  }
},
{
  "model": "auth.permission",
  "pk": 5,
  "fields": {
    "name": "Can add permission",
    "content_type": 2,
    "codename": "add_permission"
  }
},
{
  "model": "auth.permission",
  "pk": 6,
  "fields": {
    "name": "Can change permission",
    "content_type": 2,
    "codename": "change_permission"
  }
},
{
  "model": "auth.permission",
  "pk": 7,
  "fields": {
    "name": "Can delete permission",
    "content_type": 2,
    "codename": "delete_permission"
  }
},
{
  "model": "auth.permission",
  "pk": 8,
  "fields": {
    "name": "Can view permission",
    "content_type": 2,
    "codename": "view_permission"
  }
},
{
  "model": "auth.permission",
  "pk": 9,
  "fields": {
    "name": "Can add group",
    "content_type": 3,
    "codename": "add_group"
  }
},
{
  "model": "auth.permission",
  "pk": 10,
  "fields": {
    "name": "Can change group",
    "content_type": 3,
    "codename": "change_group"
  }
},
{
  "model": "auth.permission",
  "pk": 11,
  "fields": {
    "name": "Can delete group",
    "content_type": 3,
    "codename": "delete_group"
  }
},
{
  "model": "auth.permission",
  "pk": 12,
  "fields": {
    "name": "Can view group",
    "content_type": 3,
    "codename": "view_group"
  }
},
{
  "model": "auth.permission",
  "pk": 13,
  "fields": {
    "name": "Can add user",
    "content_type": 4,
    "codename": "add_user"
  }
},
{
  "model": "auth.permission",
  "pk": 14,
  "fields": {
    "name": "Can change user",
    "content_type": 4,
    "codename": "change_user"
  }
},
{
  "model": "auth.permission",
  "pk": 15,
  "fields": {
    "name": "Can delete user",
    "content_type": 4,
    "codename": "delete_user"
  }
},
{
  "model": "auth.permission",
  "pk": 16,
  "fields": {
    "name": "Can view user",
    "content_type": 4,
    "codename": "view_user"
  }
},
{
  "model": "auth.permission",
  "pk": 17,
  "fields": {
    "name": "Can add content type",
    "content_type": 5,
    "codename": "add_contenttype"
  }
},
{
  "model": "auth.permission",
  "pk": 18,
  "fields": {
    "name": "Can change content type",
    "content_type": 5,
    "codename": "change_contenttype"
  }
},
{
  "model": "auth.permission",
  "pk": 19,
  "fields": {
    "name": "Can delete content type",
    "content_type": 5,
    "codename": "delete_contenttype"
  }
},
{
  "model": "auth.permission",
  "pk": 20,
  "fields": {
    "name": "Can view content type",
    "content_type": 5,
    "codename": "view_contenttype"
  }
},
{
  "model": "auth.permission",
  "pk": 21,
  "fields": {
    "name": "Can add session",
    "content_type": 6,
    "codename": "add_session"
  }
},
{
  "model": "auth.permission",
  "pk": 22,
  "fields": {
    "name": "Can change session",
    "content_type": 6,
    "codename": "change_session"
  }
},
{
  "model": "auth.permission",
  "pk": 23,
  "fields": {
    "name": "Can delete session",
    "content_type": 6,
    "codename": "delete_session"
  }
},
{
  "model": "auth.permission",
  "pk": 24,
  "fields": {
    "name": "Can view session",
    "content_type": 6,
    "codename": "view_session"
  }
},
{
  "model": "auth.permission",
  "pk": 25,
  "fields": {
    "name": "Can add sinif",
    "content_type": 7,
    "codename": "add_sinif"
  }
},
{
  "model": "auth.permission",
  "pk": 26,
  "fields": {
    "name": "Can change sinif",
    "content_type": 7,
    "codename": "change_sinif"
  }
},
{
  "model": "auth.permission",
  "pk": 27,
  "fields": {
    "name": "Can delete sinif",
    "content_type": 7,
    "codename": "delete_sinif"
  }
},
{
  "model": "auth.permission",
  "pk": 28,
  "fields": {
    "name": "Can view sinif",
    "content_type": 7,
    "codename": "view_sinif"
  }
},
{
  "model": "auth.permission",
  "pk": 29,
  "fields": {
    "name": "Can add rol",
    "content_type": 8,
    "codename": "add_rol"
  }
},
{
  "model": "auth.permission",
  "pk": 30,
  "fields": {
    "name": "Can change rol",
    "content_type": 8,
    "codename": "change_rol"
  }
},
{
  "model": "auth.permission",
  "pk": 31,
  "fields": {
    "name": "Can delete rol",
    "content_type": 8,
    "codename": "delete_rol"
  }
},
{
  "model": "auth.permission",
  "pk": 32,
  "fields": {
    "name": "Can view rol",
    "content_type": 8,
    "codename": "view_rol"
  }
},
{
  "model": "auth.permission",
  "pk": 33,
  "fields": {
    "name": "Can add ogrenci",
    "content_type": 9,
    "codename": "add_ogrenci"
  }
},
{
  "model": "auth.permission",
  "pk": 34,
  "fields": {
    "name": "Can change ogrenci",
    "content_type": 9,
    "codename": "change_ogrenci"
  }
},
{
  "model": "auth.permission",
  "pk": 35,
  "fields": {
    "name": "Can delete ogrenci",
    "content_type": 9,
    "codename": "delete_ogrenci"
  }
},
{
  "model": "auth.permission",
  "pk": 36,
  "fields": {
    "name": "Can view ogrenci",
    "content_type": 9,
    "codename": "view_ogrenci"
  }
},
{
  "model": "auth.permission",
  "pk": 37,
  "fields": {
    "name": "Can add arsiv batch",
    "content_type": 10,
    "codename": "add_arsivbatch"
  }
},
{
  "model": "auth.permission",
  "pk": 38,
  "fields": {
    "name": "Can change arsiv batch",
    "content_type": 10,
    "codename": "change_arsivbatch"
  }
},
{
  "model": "auth.permission",
  "pk": 39,
  "fields": {
    "name": "Can delete arsiv batch",
    "content_type": 10,
    "codename": "delete_arsivbatch"
  }
},
{
  "model": "auth.permission",
  "pk": 40,
  "fields": {
    "name": "Can view arsiv batch",
    "content_type": 10,
    "codename": "view_arsivbatch"
  }
},
{
  "model": "auth.permission",
  "pk": 41,
  "fields": {
    "name": "Can add arsiv ogrenci",
    "content_type": 11,
    "codename": "add_arsivogrenci"
  }
},
{
  "model": "auth.permission",
  "pk": 42,
  "fields": {
    "name": "Can change arsiv ogrenci",
    "content_type": 11,
    "codename": "change_arsivogrenci"
  }
},
{
  "model": "auth.permission",
  "pk": 43,
  "fields": {
    "name": "Can delete arsiv ogrenci",
    "content_type": 11,
    "codename": "delete_arsivogrenci"
  }
},
{
  "model": "auth.permission",
  "pk": 44,
  "fields": {
    "name": "Can view arsiv ogrenci",
    "content_type": 11,
    "codename": "view_arsivogrenci"
  }
},
{
  "model": "auth.permission",
  "pk": 45,
  "fields": {
    "name": "Can add arsiv odunc",
    "content_type": 12,
    "codename": "add_arsivodunc"
  }
},
{
  "model": "auth.permission",
  "pk": 46,
  "fields": {
    "name": "Can change arsiv odunc",
    "content_type": 12,
    "codename": "change_arsivodunc"
  }
},
{
  "model": "auth.permission",
  "pk": 47,
  "fields": {
    "name": "Can delete arsiv odunc",
    "content_type": 12,
    "codename": "delete_arsivodunc"
  }
},
{
  "model": "auth.permission",
  "pk": 48,
  "fields": {
    "name": "Can view arsiv odunc",
    "content_type": 12,
    "codename": "view_arsivodunc"
  }
},
{
  "model": "auth.permission",
  "pk": 49,
  "fields": {
    "name": "Can add yazar",
    "content_type": 13,
    "codename": "add_yazar"
  }
},
{
  "model": "auth.permission",
  "pk": 50,
  "fields": {
    "name": "Can change yazar",
    "content_type": 13,
    "codename": "change_yazar"
  }
},
{
  "model": "auth.permission",
  "pk": 51,
  "fields": {
    "name": "Can delete yazar",
    "content_type": 13,
    "codename": "delete_yazar"
  }
},
{
  "model": "auth.permission",
  "pk": 52,
  "fields": {
    "name": "Can view yazar",
    "content_type": 13,
    "codename": "view_yazar"
  }
},
{
  "model": "auth.permission",
  "pk": 53,
  "fields": {
    "name": "Can add kategori",
    "content_type": 14,
    "codename": "add_kategori"
  }
},
{
  "model": "auth.permission",
  "pk": 54,
  "fields": {
    "name": "Can change kategori",
    "content_type": 14,
    "codename": "change_kategori"
  }
},
{
  "model": "auth.permission",
  "pk": 55,
  "fields": {
    "name": "Can delete kategori",
    "content_type": 14,
    "codename": "delete_kategori"
  }
},
{
  "model": "auth.permission",
  "pk": 56,
  "fields": {
    "name": "Can view kategori",
    "content_type": 14,
    "codename": "view_kategori"
  }
},
{
  "model": "auth.permission",
  "pk": 57,
  "fields": {
    "name": "Can add kitap",
    "content_type": 15,
    "codename": "add_kitap"
  }
},
{
  "model": "auth.permission",
  "pk": 58,
  "fields": {
    "name": "Can change kitap",
    "content_type": 15,
    "codename": "change_kitap"
  }
},
{
  "model": "auth.permission",
  "pk": 59,
  "fields": {
    "name": "Can delete kitap",
    "content_type": 15,
    "codename": "delete_kitap"
  }
},
{
  "model": "auth.permission",
  "pk": 60,
  "fields": {
    "name": "Can view kitap",
    "content_type": 15,
    "codename": "view_kitap"
  }
},
{
  "model": "auth.permission",
  "pk": 61,
  "fields": {
    "name": "Can add kitap nusha",
    "content_type": 16,
    "codename": "add_kitapnusha"
  }
},
{
  "model": "auth.permission",
  "pk": 62,
  "fields": {
    "name": "Can change kitap nusha",
    "content_type": 16,
    "codename": "change_kitapnusha"
  }
},
{
  "model": "auth.permission",
  "pk": 63,
  "fields": {
    "name": "Can delete kitap nusha",
    "content_type": 16,
    "codename": "delete_kitapnusha"
  }
},
{
  "model": "auth.permission",
  "pk": 64,
  "fields": {
    "name": "Can view kitap nusha",
    "content_type": 16,
    "codename": "view_kitapnusha"
  }
},
{
  "model": "auth.permission",
  "pk": 65,
  "fields": {
    "name": "Can add odunc kaydi",
    "content_type": 17,
    "codename": "add_odunckaydi"
  }
},
{
  "model": "auth.permission",
  "pk": 66,
  "fields": {
    "name": "Can change odunc kaydi",
    "content_type": 17,
    "codename": "change_odunckaydi"
  }
},
{
  "model": "auth.permission",
  "pk": 67,
  "fields": {
    "name": "Can delete odunc kaydi",
    "content_type": 17,
    "codename": "delete_odunckaydi"
  }
},
{
  "model": "auth.permission",
  "pk": 68,
  "fields": {
    "name": "Can view odunc kaydi",
    "content_type": 17,
    "codename": "view_odunckaydi"
  }
},
{
  "model": "auth.permission",
  "pk": 69,
  "fields": {
    "name": "Can add personel",
    "content_type": 18,
    "codename": "add_personel"
  }
},
{
  "model": "auth.permission",
  "pk": 70,
  "fields": {
    "name": "Can change personel",
    "content_type": 18,
    "codename": "change_personel"
  }
},
{
  "model": "auth.permission",
  "pk": 71,
  "fields": {
    "name": "Can delete personel",
    "content_type": 18,
    "codename": "delete_personel"
  }
},
{
  "model": "auth.permission",
  "pk": 72,
  "fields": {
    "name": "Can view personel",
    "content_type": 18,
    "codename": "view_personel"
  }
},
{
  "model": "auth.user",
  "pk": 1,
  "fields": {
    "password": "pbkdf2_sha256$1000000$FV9pf7kv4QWjJMfMTD4wW3$L+bkCDnDNf/PcDSOBNGDXLCk/G+APDq24I2SWHhYKYA=",
    "last_login": "2025-10-04T00:05:24.440Z",
    "is_superuser": true,
    "username": "serkan",
    "first_name": "",
    "last_name": "",
    "email": "",
    "is_staff": true,
    "is_active": true,
    "date_joined": "2025-10-04T00:05:10.123Z",
    "groups": [],
    "user_permissions": []
  }
},
{
  "model": "contenttypes.contenttype",
  "pk": 1,
  "fields": {
    "app_label": "admin",
    "model": "logentry"
  }
},
{
  "model": "contenttypes.contenttype",
  "pk": 2,
  "fields": {
    "app_label": "auth",
    "model": "permission"
  }
},
{
  "model": "contenttypes.contenttype",
  "pk": 3,
  "fields": {
    "app_label": "auth",
    "model": "group"
  }
},
{
  "model": "contenttypes.contenttype",
  "pk": 4,
  "fields": {
    "app_label": "auth",
    "model": "user"
  }
},
{
  "model": "contenttypes.contenttype",
  "pk": 5,
  "fields": {
    "app_label": "contenttypes",
    "model": "contenttype"
  }
},
{
  "model": "contenttypes.contenttype",
  "pk": 6,
  "fields": {
    "app_label": "sessions",
    "model": "session"
  }
},
{
  "model": "contenttypes.contenttype",
  "pk": 7,
  "fields": {
    "app_label": "kutuphane_app",
    "model": "sinif"
  }
},
{
  "model": "contenttypes.contenttype",
  "pk": 8,
  "fields": {
    "app_label": "kutuphane_app",
    "model": "rol"
  }
},
{
  "model": "contenttypes.contenttype",
  "pk": 9,
  "fields": {
    "app_label": "kutuphane_app",
    "model": "ogrenci"
  }
},
{
  "model": "contenttypes.contenttype",
  "pk": 10,
  "fields": {
    "app_label": "kutuphane_app",
    "model": "arsivbatch"
  }
},
{
  "model": "contenttypes.contenttype",
  "pk": 11,
  "fields": {
    "app_label": "kutuphane_app",
    "model": "arsivogrenci"
  }
},
{
  "model": "contenttypes.contenttype",
  "pk": 12,
  "fields": {
    "app_label": "kutuphane_app",
    "model": "arsivodunc"
  }
},
{
  "model": "contenttypes.contenttype",
  "pk": 13,
  "fields": {
    "app_label": "kutuphane_app",
    "model": "yazar"
  }
},
{
  "model": "contenttypes.contenttype",
  "pk": 14,
  "fields": {
    "app_label": "kutuphane_app",
    "model": "kategori"
  }
},
{
  "model": "contenttypes.contenttype",
  "pk": 15,
  "fields": {
    "app_label": "kutuphane_app",
    "model": "kitap"
  }
},
{
  "model": "contenttypes.contenttype",
  "pk": 16,
  "fields": {
    "app_label": "kutuphane_app",
    "model": "kitapnusha"
  }
},
{
  "model": "contenttypes.contenttype",
  "pk": 17,
  "fields": {
    "app_label": "kutuphane_app",
    "model": "odunckaydi"
  }
},
{
  "model": "contenttypes.contenttype",
  "pk": 18,
  "fields": {
    "app_label": "kutuphane_app",
    "model": "personel"
  }
},
{
  "model": "sessions.session",
  "pk": "wamgnksjpfbfz15b3qn0xds2ltmp0tt6",
  "fields": {
    "session_data": ".eJxVjEEOwiAQRe_C2hAYGbAu3XsGMsNQqRpISrsy3l2bdKHb_977LxVpXUpce57jJOqsrDr8bkzpkesG5E711nRqdZkn1puid9r1tUl-Xnb376BQL98ag6TE6AM54IFGRDQhW4ITJ39EwxjAWhQfEBwbnyiPMoAwgLNkjXp_AN4FN4Q:1v4pm8:yEHVcQgLtcx3uOO-nP0qOqyBcft2tUMWyMMAy--Kvu4",
    "expire_date": "2025-10-18T00:05:24.449Z"
  }
},
{
  "model": "kutuphane_app.sinif",
  "pk": 1,
  "fields": {
    "ad": "5-A"
  }
},
{
  "model": "kutuphane_app.sinif",
  "pk": 2,
  "fields": {
    "ad": "5-B"
  }
},
{
  "model": "kutuphane_app.sinif",
  "pk": 3,
  "fields": {
    "ad": "5-C"
  }
},
{
  "model": "kutuphane_app.sinif",
  "pk": 4,
  "fields": {
    "ad": "6-A"
  }
},
{
  "model": "kutuphane_app.sinif",
  "pk": 5,
  "fields": {
    "ad": "6-B"
  }
},
{
  "model": "kutuphane_app.sinif",
  "pk": 6,
  "fields": {
    "ad": "6-C"
  }
},
{
  "model": "kutuphane_app.sinif",
  "pk": 7,
  "fields": {
    "ad": "7-A"
  }
},
{
  "model": "kutuphane_app.sinif",
  "pk": 8,
  "fields": {
    "ad": "7-B"
  }
},
{
  "model": "kutuphane_app.sinif",
  "pk": 9,
  "fields": {
    "ad": "7-C"
  }
},
{
  "model": "kutuphane_app.sinif",
  "pk": 10,
  "fields": {
    "ad": "8-A"
  }
},
{
  "model": "kutuphane_app.sinif",
  "pk": 11,
  "fields": {
    "ad": "8-B"
  }
},
{
  "model": "kutuphane_app.sinif",
  "pk": 12,
  "fields": {
    "ad": "8-C"
  }
},
{
  "model": "kutuphane_app.rol",
  "pk": 1,
  "fields": {
    "ad": "Öğrenci",
    "odunc_suresi_gun": 15,
    "maksimum_kitap": 3,
    "gecikme_ceza_gunluk": "0.50"
  }
},
{
  "model": "kutuphane_app.rol",
  "pk": 2,
  "fields": {
    "ad": "Öğretmen",
    "odunc_suresi_gun": 30,
    "maksimum_kitap": 10,
    "gecikme_ceza_gunluk": "0.00"
  }
},
{
  "model": "kutuphane_app.ogrenci",
  "pk": 1,
  "fields": {
    "ad": "Uluğbey",
    "soyad": "Çetin",
    "ogrenci_no": "5A01",
    "sinif": 4,
    "rol": 1,
    "telefon": "775 2 642",
    "eposta": "rertas@example.org",
    "kayit_tarihi": "2020-03-26T11:50:00.645Z",
    "aktif": true,
    "pasif_tarihi": null
  }
},
{
  "model": "kutuphane_app.ogrenci",
  "pk": 2,
  "fields": {
    "ad": "Burakhan",
    "soyad": "Akça",
    "ogrenci_no": "5A02",
    "sinif": 4,
    "rol": 1,
    "telefon": "(361)076 3597",
    "eposta": "senerkapagan@example.com",
    "kayit_tarihi": "2021-12-22T02:57:02.748Z",
    "aktif": true,
    "pasif_tarihi": null
  }
},
{
  "model": "kutuphane_app.ogrenci",
  "pk": 3,
  "fields": {
    "ad": "Kutgün",
    "soyad": "Korutürk",
    "ogrenci_no": "5A03",
    "sinif": 4,
    "rol": 1,
    "telefon": "0268-031 8174",
    "eposta": "arslancamok@example.com",
    "kayit_tarihi": "2025-06-26T02:43:14.189Z",
    "aktif": true,
    "pasif_tarihi": null
  }
},
{
  "model": "kutuphane_app.ogrenci",
  "pk": 4,
  "fields": {
    "ad": "İlgi",
    "soyad": "Çamurcuoğlu",
    "ogrenci_no": "5A04",
    "sinif": 4,
    "rol": 1,
    "telefon": "08015188349",
    "eposta": "inanclidurdu@example.net",
    "kayit_tarihi": "2021-08-02T04:57:14.961Z",
    "aktif": true,
    "pasif_tarihi": null
  }
},
{
  "model": "kutuphane_app.ogrenci",
  "pk": 5,
  "fields": {
    "ad": "Tercan",
    "soyad": "Eraslan",
    "ogrenci_no": "5A05",
    "sinif": 4,
    "rol": 1,
    "telefon": "0813-643 2806",
    "eposta": "aaksu@example.org",
    "kayit_tarihi": "2023-10-14T04:59:32.523Z",
    "aktif": true,
    "pasif_tarihi": null
  }
},
{
  "model": "kutuphane_app.ogrenci",
  "pk": 6,
  "fields": {
    "ad": "Tercan",
    "soyad": "Zengin",
    "ogrenci_no": "5A06",
    "sinif": 4,
    "rol": 1,
    "telefon": "0515 508 77 43",
    "eposta": "unsever34@example.org",
    "kayit_tarihi": "2020-11-26T01:53:07.598Z",
    "aktif": true,
    "pasif_tarihi": null
  }
},
{
  "model": "kutuphane_app.ogrenci",
  "pk": 7,
  "fields": {
    "ad": "Hekime",
    "soyad": "Sezgin",
    "ogrenci_no": "5A07",
    "sinif": 4,
    "rol": 1,
    "telefon": "402 3 214",
    "eposta": "tgulen@example.org",
    "kayit_tarihi": "2024-03-06T02:25:59.235Z",
    "aktif": true,
    "pasif_tarihi": null
  }
},
{
  "model": "kutuphane_app.ogrenci",
  "pk": 8,
  "fields": {
    "ad": "Kahir",
    "soyad": "Soylu",
    "ogrenci_no": "5A08",
    "sinif": 4,
    "rol": 1,
    "telefon": "0378-322 1921",
    "eposta": "tanyu71@example.net",
    "kayit_tarihi": "2022-10-27T21:51:39.858Z",
    "aktif": true,
    "pasif_tarihi": null
  }
},
{
  "model": "kutuphane_app.ogrenci",
  "pk": 9,
  "fields": {
    "ad": "Hüsnühâl",
    "soyad": "Kısakürek",
    "ogrenci_no": "5A09",
    "sinif": 4,
    "rol": 1,
    "telefon": "09541695962",
    "eposta": "rakcay@example.com",
    "kayit_tarihi": "2025-01-23T17:42:55.824Z",
    "aktif": true,
    "pasif_tarihi": null
  }
},
{
  "model": "kutuphane_app.ogrenci",
  "pk": 10,
  "fields": {
    "ad": "Canur",
    "soyad": "Tevetoğlu",
    "ogrenci_no": "5A10",
    "sinif": 4,
    "rol": 1,
    "telefon": "08408238569",
    "eposta": "onukeralemdar@example.org",
    "kayit_tarihi": "2020-10-18T23:51:54.775Z",
    "aktif": true,
    "pasif_tarihi": null
  }
},
{
  "model": "kutuphane_app.ogrenci",
  "pk": 11,
  "fields": {
    "ad": "Özdil",
    "soyad": "Sezer",
    "ogrenci_no": "5B01",
    "sinif": 5,
    "rol": 1,
    "telefon": "+90(903)3092254",
    "eposta": "corlutekiner@example.com",
    "kayit_tarihi": "2023-02-15T12:27:32.986Z",
    "aktif": true,
    "pasif_tarihi": null
  }
},
{
  "model": "kutuphane_app.ogrenci",
  "pk": 12,
  "fields": {
    "ad": "Verde",
    "soyad": "Kısakürek",
    "ogrenci_no": "5B02",
    "sinif": 5,
    "rol": 1,
    "telefon": "(759)597 6235",
    "eposta": "bzengin@example.com",
    "kayit_tarihi": "2023-03-20T00:27:02.762Z",
    "aktif": true,
    "pasif_tarihi": null
  }
},
{
  "model": "kutuphane_app.ogrenci",
  "pk": 13,
  "fields": {
    "ad": "Akver",
    "soyad": "Duran",
    "ogrenci_no": "5B03",
    "sinif": 5,
    "rol": 1,
    "telefon": "+90(287)348-0794x399",
    "eposta": "sevensevcan@example.net",
    "kayit_tarihi": "2024-09-10T15:46:58.415Z",
    "aktif": true,
    "pasif_tarihi": null
  }
},
{
  "model": "kutuphane_app.ogrenci",
  "pk": 14,
  "fields": {
    "ad": "Göksev",
    "soyad": "Ergül",
    "ogrenci_no": "5B04",
    "sinif": 5,
    "rol": 1,
    "telefon": "+90 (659) 3941050",
    "eposta": "yaksu@example.org",
    "kayit_tarihi": "2020-07-06T12:58:58.895Z",
    "aktif": true,
    "pasif_tarihi": null
  }
},
{
  "model": "kutuphane_app.ogrenci",
  "pk": 15,
  "fields": {
    "ad": "Ahter",
    "soyad": "Bilgin",
    "ogrenci_no": "5B05",
    "sinif": 5,
    "rol": 1,
    "telefon": "009 8 465",
    "eposta": "akaryurtguven@example.net",
    "kayit_tarihi": "2023-01-23T01:15:56.236Z",
    "aktif": true,
    "pasif_tarihi": null
  }
},
{
  "model": "kutuphane_app.ogrenci",
  "pk": 16,
  "fields": {
    "ad": "Mefarettin",
    "soyad": "Durdu",
    "ogrenci_no": "5B06",
    "sinif": 5,
    "rol": 1,
    "telefon": "06551909319",
    "eposta": "nebihayilmaz@example.net",
    "kayit_tarihi": "2024-02-12T16:28:28.202Z",
    "aktif": true,
    "pasif_tarihi": null
  }
},
{
  "model": "kutuphane_app.ogrenci",
  "pk": 17,
  "fields": {
    "ad": "Feryas",
    "soyad": "Durdu",
    "ogrenci_no": "5B07",
    "sinif": 5,
    "rol": 1,
    "telefon": "0464 130 39 55",
    "eposta": "birsanakcay@example.org",
    "kayit_tarihi": "2025-04-25T22:58:50.546Z",
    "aktif": true,
    "pasif_tarihi": null
  }
},
{
  "model": "kutuphane_app.ogrenci",
  "pk": 18,
  "fields": {
    "ad": "Gençay",
    "soyad": "Akça",
    "ogrenci_no": "5B08",
    "sinif": 5,
    "rol": 1,
    "telefon": "0234-366 1978",
    "eposta": "alemdarferhan@example.org",
    "kayit_tarihi": "2023-04-01T11:28:55.720Z",
    "aktif": true,
    "pasif_tarihi": null
  }
},
{
  "model": "kutuphane_app.ogrenci",
  "pk": 19,
  "fields": {
    "ad": "Erbay",
    "soyad": "Korutürk",
    "ogrenci_no": "5B09",
    "sinif": 5,
    "rol": 1,
    "telefon": "+90(216)774-8808x283",
    "eposta": "aykutalpzengin@example.com",
    "kayit_tarihi": "2025-07-16T03:07:39.914Z",
    "aktif": true,
    "pasif_tarihi": null
  }
},
{
  "model": "kutuphane_app.ogrenci",
  "pk": 20,
  "fields": {
    "ad": "Mutasım",
    "soyad": "Demirel",
    "ogrenci_no": "5B10",
    "sinif": 5,
    "rol": 1,
    "telefon": "+90 (251) 1216586",
    "eposta": "hasbekakar@example.org",
    "kayit_tarihi": "2022-11-21T01:24:01.102Z",
    "aktif": true,
    "pasif_tarihi": null
  }
},
{
  "model": "kutuphane_app.ogrenci",
  "pk": 21,
  "fields": {
    "ad": "Nafii",
    "soyad": "Dumanlı",
    "ogrenci_no": "5C01",
    "sinif": 6,
    "rol": 1,
    "telefon": "+90(038)536-5038x483",
    "eposta": "ihsanoglukosemen@example.net",
    "kayit_tarihi": "2024-02-05T06:33:59.225Z",
    "aktif": true,
    "pasif_tarihi": null
  }
},
{
  "model": "kutuphane_app.ogrenci",
  "pk": 22,
  "fields": {
    "ad": "Günver",
    "soyad": "Karadeniz",
    "ogrenci_no": "5C02",
    "sinif": 6,
    "rol": 1,
    "telefon": "+90 (102) 4117177",
    "eposta": "jakcay@example.org",
    "kayit_tarihi": "2021-06-06T06:21:22.523Z",
    "aktif": true,
    "pasif_tarihi": null
  }
},
{
  "model": "kutuphane_app.ogrenci",
  "pk": 23,
  "fields": {
    "ad": "İyiyürek",
    "soyad": "Fırat",
    "ogrenci_no": "5C03",
    "sinif": 6,
    "rol": 1,
    "telefon": "0682-577 8004",
    "eposta": "gokce83@example.com",
    "kayit_tarihi": "2022-03-15T21:49:26.202Z",
    "aktif": true,
    "pasif_tarihi": null
  }
},
{
  "model": "kutuphane_app.ogrenci",
  "pk": 24,
  "fields": {
    "ad": "Sezen",
    "soyad": "Hayrioğlu",
    "ogrenci_no": "5C04",
    "sinif": 6,
    "rol": 1,
    "telefon": "301 6 333",
    "eposta": "intihapdemirel@example.net",
    "kayit_tarihi": "2022-01-03T18:46:57.817Z",
    "aktif": true,
    "pasif_tarihi": null
  }
},
{
  "model": "kutuphane_app.ogrenci",
  "pk": 25,
  "fields": {
    "ad": "Özsözlü",
    "soyad": "Hayrioğlu",
    "ogrenci_no": "5C05",
    "sinif": 6,
    "rol": 1,
    "telefon": "+90(035)844-1600x290",
    "eposta": "sirriyehayrioglu@example.com",
    "kayit_tarihi": "2020-11-23T17:51:33.371Z",
    "aktif": true,
    "pasif_tarihi": null
  }
},
{
  "model": "kutuphane_app.ogrenci",
  "pk": 26,
  "fields": {
    "ad": "Tuğtaş",
    "soyad": "Durdu",
    "ogrenci_no": "5C06",
    "sinif": 6,
    "rol": 1,
    "telefon": "+90(835)1853206",
    "eposta": "baymanseven@example.com",
    "kayit_tarihi": "2020-10-27T01:24:43.249Z",
    "aktif": true,
    "pasif_tarihi": null
  }
},
{
  "model": "kutuphane_app.ogrenci",
  "pk": 27,
  "fields": {
    "ad": "Maşide",
    "soyad": "Akçay",
    "ogrenci_no": "5C07",
    "sinif": 6,
    "rol": 1,
    "telefon": "00735341098",
    "eposta": "canalsakarya@example.org",
    "kayit_tarihi": "2022-02-27T21:45:10.822Z",
    "aktif": true,
    "pasif_tarihi": null
  }
},
{
  "model": "kutuphane_app.ogrenci",
  "pk": 28,
  "fields": {
    "ad": "Fitnat",
    "soyad": "Eraslan",
    "ogrenci_no": "5C08",
    "sinif": 6,
    "rol": 1,
    "telefon": "07950678688",
    "eposta": "dalanfirat@example.org",
    "kayit_tarihi": "2025-07-22T09:00:52.013Z",
    "aktif": true,
    "pasif_tarihi": null
  }
},
{
  "model": "kutuphane_app.ogrenci",
  "pk": 29,
  "fields": {
    "ad": "Şeyda",
    "soyad": "Öcalan",
    "ogrenci_no": "5C09",
    "sinif": 6,
    "rol": 1,
    "telefon": "+90(813)094-6083x363",
    "eposta": "ycorlu@example.net",
    "kayit_tarihi": "2023-11-23T17:06:05.328Z",
    "aktif": true,
    "pasif_tarihi": null
  }
},
{
  "model": "kutuphane_app.ogrenci",
  "pk": 30,
  "fields": {
    "ad": "Mestur",
    "soyad": "Yıldırım",
    "ogrenci_no": "5C10",
    "sinif": 6,
    "rol": 1,
    "telefon": "105 5 833",
    "eposta": "cagdanbilir@example.com",
    "kayit_tarihi": "2023-03-25T02:31:08.702Z",
    "aktif": true,
    "pasif_tarihi": null
  }
},
{
  "model": "kutuphane_app.ogrenci",
  "pk": 31,
  "fields": {
    "ad": "Yurdanur",
    "soyad": "Gül",
    "ogrenci_no": "6A01",
    "sinif": 7,
    "rol": 1,
    "telefon": "+90(771)957-2537x463",
    "eposta": "miray45@example.com",
    "kayit_tarihi": "2025-01-12T21:13:30.914Z",
    "aktif": true,
    "pasif_tarihi": null
  }
},
{
  "model": "kutuphane_app.ogrenci",
  "pk": 32,
  "fields": {
    "ad": "Teber",
    "soyad": "Akgündüz",
    "ogrenci_no": "6A02",
    "sinif": 7,
    "rol": 1,
    "telefon": "0614-886 0924",
    "eposta": "gulenegenur@example.net",
    "kayit_tarihi": "2021-07-25T18:06:39.441Z",
    "aktif": true,
    "pasif_tarihi": null
  }
},
{
  "model": "kutuphane_app.ogrenci",
  "pk": 33,
  "fields": {
    "ad": "Behrem",
    "soyad": "Çetin",
    "ogrenci_no": "6A03",
    "sinif": 7,
    "rol": 1,
    "telefon": "0442 967 09 09",
    "eposta": "mevludiyesezgin@example.com",
    "kayit_tarihi": "2023-08-09T17:12:07.119Z",
    "aktif": true,
    "pasif_tarihi": null
  }
},
{
  "model": "kutuphane_app.ogrenci",
  "pk": 34,
  "fields": {
    "ad": "Mengüç",
    "soyad": "Ergül",
    "ogrenci_no": "6A04",
    "sinif": 7,
    "rol": 1,
    "telefon": "+90(106)885-7998x472",
    "eposta": "aykutdurdu@example.org",
    "kayit_tarihi": "2021-02-01T17:32:32.916Z",
    "aktif": true,
    "pasif_tarihi": null
  }
},
{
  "model": "kutuphane_app.ogrenci",
  "pk": 35,
  "fields": {
    "ad": "Sağcan",
    "soyad": "Manço",
    "ogrenci_no": "6A05",
    "sinif": 7,
    "rol": 1,
    "telefon": "655 9 504",
    "eposta": "sevenruhide@example.net",
    "kayit_tarihi": "2023-07-06T01:09:41.981Z",
    "aktif": true,
    "pasif_tarihi": null
  }
},
{
  "model": "kutuphane_app.ogrenci",
  "pk": 36,
  "fields": {
    "ad": "Mihrab",
    "soyad": "Akça",
    "ogrenci_no": "6A06",
    "sinif": 7,
    "rol": 1,
    "telefon": "+90(410)597-7349x372",
    "eposta": "gokcebalancorlu@example.com",
    "kayit_tarihi": "2021-01-25T18:12:53.904Z",
    "aktif": true,
    "pasif_tarihi": null
  }
},
{
  "model": "kutuphane_app.ogrenci",
  "pk": 37,
  "fields": {
    "ad": "Pekkan",
    "soyad": "Bilir",
    "ogrenci_no": "6A07",
    "sinif": 7,
    "rol": 1,
    "telefon": "477 3 267",
    "eposta": "arsoyyahsi@example.org",
    "kayit_tarihi": "2024-09-08T21:44:48.304Z",
    "aktif": true,
    "pasif_tarihi": null
  }
},
{
  "model": "kutuphane_app.ogrenci",
  "pk": 38,
  "fields": {
    "ad": "Tahir",
    "soyad": "Çamurcuoğlu",
    "ogrenci_no": "6A08",
    "sinif": 7,
    "rol": 1,
    "telefon": "800 1 203",
    "eposta": "sakgunduz@example.org",
    "kayit_tarihi": "2021-06-13T04:33:15.539Z",
    "aktif": true,
    "pasif_tarihi": null
  }
},
{
  "model": "kutuphane_app.ogrenci",
  "pk": 39,
  "fields": {
    "ad": "Kocabaş",
    "soyad": "Akdeniz",
    "ogrenci_no": "6A09",
    "sinif": 7,
    "rol": 1,
    "telefon": "+90(734)3902957",
    "eposta": "busra18@example.net",
    "kayit_tarihi": "2022-12-15T09:08:28.408Z",
    "aktif": true,
    "pasif_tarihi": null
  }
},
{
  "model": "kutuphane_app.ogrenci",
  "pk": 40,
  "fields": {
    "ad": "Delil",
    "soyad": "Şensoy",
    "ogrenci_no": "6A10",
    "sinif": 7,
    "rol": 1,
    "telefon": "0025-442 4116",
    "eposta": "sencarkaradeniz@example.com",
    "kayit_tarihi": "2020-02-06T07:32:27.849Z",
    "aktif": true,
    "pasif_tarihi": null
  }
},
{
  "model": "kutuphane_app.ogrenci",
  "pk": 41,
  "fields": {
    "ad": "Hamiyet",
    "soyad": "Alemdar",
    "ogrenci_no": "6B01",
    "sinif": 8,
    "rol": 1,
    "telefon": "+90(489)344-0761x207",
    "eposta": "zinnure51@example.com",
    "kayit_tarihi": "2021-08-26T21:23:29.149Z",
    "aktif": true,
    "pasif_tarihi": null
  }
},
{
  "model": "kutuphane_app.ogrenci",
  "pk": 42,
  "fields": {
    "ad": "Orgün",
    "soyad": "Ülker",
    "ogrenci_no": "6B02",
    "sinif": 8,
    "rol": 1,
    "telefon": "01693737031",
    "eposta": "walemdar@example.net",
    "kayit_tarihi": "2021-08-18T13:43:16.578Z",
    "aktif": true,
    "pasif_tarihi": null
  }
},
{
  "model": "kutuphane_app.ogrenci",
  "pk": 43,
  "fields": {
    "ad": "Limon",
    "soyad": "Aksu",
    "ogrenci_no": "6B03",
    "sinif": 8,
    "rol": 1,
    "telefon": "0616-180 3905",
    "eposta": "nsoylu@example.net",
    "kayit_tarihi": "2021-05-12T10:32:12.355Z",
    "aktif": true,
    "pasif_tarihi": null
  }
},
{
  "model": "kutuphane_app.ogrenci",
  "pk": 44,
  "fields": {
    "ad": "Gülbeyan",
    "soyad": "Kısakürek",
    "ogrenci_no": "6B04",
    "sinif": 8,
    "rol": 1,
    "telefon": "+90(548)927-1632x225",
    "eposta": "gcetin@example.net",
    "kayit_tarihi": "2021-05-26T10:54:21.497Z",
    "aktif": true,
    "pasif_tarihi": null
  }
},
{
  "model": "kutuphane_app.ogrenci",
  "pk": 45,
  "fields": {
    "ad": "Yekbun",
    "soyad": "Akçay",
    "ogrenci_no": "6B05",
    "sinif": 8,
    "rol": 1,
    "telefon": "00898830233",
    "eposta": "durmusnural@example.org",
    "kayit_tarihi": "2024-01-20T19:04:09.637Z",
    "aktif": true,
    "pasif_tarihi": null
  }
},
{
  "model": "kutuphane_app.ogrenci",
  "pk": 46,
  "fields": {
    "ad": "Yosma",
    "soyad": "Türk",
    "ogrenci_no": "6B06",
    "sinif": 8,
    "rol": 1,
    "telefon": "+90(350)4815323",
    "eposta": "aysunacetin@example.org",
    "kayit_tarihi": "2024-03-31T16:48:16.542Z",
    "aktif": true,
    "pasif_tarihi": null
  }
},
{
  "model": "kutuphane_app.ogrenci",
  "pk": 47,
  "fields": {
    "ad": "Ahsen",
    "soyad": "Bilgin",
    "ogrenci_no": "6B07",
    "sinif": 8,
    "rol": 1,
    "telefon": "+90(062)4108317",
    "eposta": "musaffa06@example.com",
    "kayit_tarihi": "2024-02-13T05:14:17.046Z",
    "aktif": true,
    "pasif_tarihi": null
  }
},
{
  "model": "kutuphane_app.ogrenci",
  "pk": 48,
  "fields": {
    "ad": "Törel",
    "soyad": "İnönü",
    "ogrenci_no": "6B08",
    "sinif": 8,
    "rol": 1,
    "telefon": "+90(306)412-9145x768",
    "eposta": "cenanaksu@example.com",
    "kayit_tarihi": "2025-07-20T19:57:38.082Z",
    "aktif": true,
    "pasif_tarihi": null
  }
},
{
  "model": "kutuphane_app.ogrenci",
  "pk": 49,
  "fields": {
    "ad": "Münif",
    "soyad": "Duran",
    "ogrenci_no": "6B09",
    "sinif": 8,
    "rol": 1,
    "telefon": "442 8 957",
    "eposta": "eraslanvarlik@example.org",
    "kayit_tarihi": "2023-08-07T00:12:34.825Z",
    "aktif": true,
    "pasif_tarihi": null
  }
},
{
  "model": "kutuphane_app.ogrenci",
  "pk": 50,
  "fields": {
    "ad": "Altoğan",
    "soyad": "Mansız",
    "ogrenci_no": "6B10",
    "sinif": 8,
    "rol": 1,
    "telefon": "0272-269 3026",
    "eposta": "ulkerpermun@example.org",
    "kayit_tarihi": "2022-06-18T22:33:14.203Z",
    "aktif": true,
    "pasif_tarihi": null
  }
},
{
  "model": "kutuphane_app.ogrenci",
  "pk": 51,
  "fields": {
    "ad": "Zinnure",
    "soyad": "Hançer",
    "ogrenci_no": "6C01",
    "sinif": 9,
    "rol": 1,
    "telefon": "(515)007 4426",
    "eposta": "nazlimarslan@example.com",
    "kayit_tarihi": "2024-04-03T09:38:57.256Z",
    "aktif": true,
    "pasif_tarihi": null
  }
},
{
  "model": "kutuphane_app.ogrenci",
  "pk": 52,
  "fields": {
    "ad": "Tuğrulhan",
    "soyad": "Aslan",
    "ogrenci_no": "6C02",
    "sinif": 9,
    "rol": 1,
    "telefon": "(472)185 0067",
    "eposta": "arslanvefia@example.net",
    "kayit_tarihi": "2022-10-08T09:06:02.243Z",
    "aktif": true,
    "pasif_tarihi": null
  }
},
{
  "model": "kutuphane_app.ogrenci",
  "pk": 53,
  "fields": {
    "ad": "Nurkan",
    "soyad": "Hayrioğlu",
    "ogrenci_no": "6C03",
    "sinif": 9,
    "rol": 1,
    "telefon": "027 1 587",
    "eposta": "tsakarya@example.com",
    "kayit_tarihi": "2023-09-15T16:18:05.953Z",
    "aktif": true,
    "pasif_tarihi": null
  }
},
{
  "model": "kutuphane_app.ogrenci",
  "pk": 54,
  "fields": {
    "ad": "Önsal",
    "soyad": "Sezer",
    "ogrenci_no": "6C04",
    "sinif": 9,
    "rol": 1,
    "telefon": "(811)495 4081",
    "eposta": "sezginakcasu@example.com",
    "kayit_tarihi": "2024-11-08T03:53:59.570Z",
    "aktif": true,
    "pasif_tarihi": null
  }
},
{
  "model": "kutuphane_app.ogrenci",
  "pk": 55,
  "fields": {
    "ad": "Dalan",
    "soyad": "Demir",
    "ogrenci_no": "6C05",
    "sinif": 9,
    "rol": 1,
    "telefon": "+90(298)281-6495x330",
    "eposta": "turkcidal@example.net",
    "kayit_tarihi": "2025-09-10T03:33:28.438Z",
    "aktif": true,
    "pasif_tarihi": null
  }
},
{
  "model": "kutuphane_app.ogrenci",
  "pk": 56,
  "fields": {
    "ad": "Mehdiye",
    "soyad": "Zengin",
    "ogrenci_no": "6C06",
    "sinif": 9,
    "rol": 1,
    "telefon": "147 3 623",
    "eposta": "alsoy74@example.org",
    "kayit_tarihi": "2022-03-03T23:38:19.354Z",
    "aktif": true,
    "pasif_tarihi": null
  }
},
{
  "model": "kutuphane_app.ogrenci",
  "pk": 57,
  "fields": {
    "ad": "İvecen",
    "soyad": "Zengin",
    "ogrenci_no": "6C07",
    "sinif": 9,
    "rol": 1,
    "telefon": "662 6 770",
    "eposta": "bilirkiramettin@example.net",
    "kayit_tarihi": "2020-01-20T07:28:53.291Z",
    "aktif": true,
    "pasif_tarihi": null
  }
},
{
  "model": "kutuphane_app.ogrenci",
  "pk": 58,
  "fields": {
    "ad": "Binbaşar",
    "soyad": "Şama",
    "ogrenci_no": "6C08",
    "sinif": 9,
    "rol": 1,
    "telefon": "+90(980)317-0662x063",
    "eposta": "sayan98@example.org",
    "kayit_tarihi": "2021-10-29T14:02:01.341Z",
    "aktif": true,
    "pasif_tarihi": null
  }
},
{
  "model": "kutuphane_app.ogrenci",
  "pk": 59,
  "fields": {
    "ad": "Yurtseven",
    "soyad": "Mansız",
    "ogrenci_no": "6C09",
    "sinif": 9,
    "rol": 1,
    "telefon": "00983393849",
    "eposta": "zorludinckol@example.com",
    "kayit_tarihi": "2023-07-06T21:53:36.500Z",
    "aktif": true,
    "pasif_tarihi": null
  }
},
{
  "model": "kutuphane_app.ogrenci",
  "pk": 60,
  "fields": {
    "ad": "Bediriye",
    "soyad": "Durmuş",
    "ogrenci_no": "6C10",
    "sinif": 9,
    "rol": 1,
    "telefon": "+90(233)718-1201x589",
    "eposta": "ugurakcay@example.net",
    "kayit_tarihi": "2021-12-03T16:26:25.672Z",
    "aktif": true,
    "pasif_tarihi": null
  }
},
{
  "model": "kutuphane_app.ogrenci",
  "pk": 61,
  "fields": {
    "ad": "Nurşan",
    "soyad": "Akçay",
    "ogrenci_no": "7A01",
    "sinif": 10,
    "rol": 1,
    "telefon": "0901 778 33 13",
    "eposta": "hdemir@example.com",
    "kayit_tarihi": "2024-11-08T04:16:08.611Z",
    "aktif": true,
    "pasif_tarihi": null
  }
},
{
  "model": "kutuphane_app.ogrenci",
  "pk": 62,
  "fields": {
    "ad": "Baba",
    "soyad": "Çamurcuoğlu",
    "ogrenci_no": "7A02",
    "sinif": 10,
    "rol": 1,
    "telefon": "05001286165",
    "eposta": "udurdu@example.net",
    "kayit_tarihi": "2021-08-18T03:35:47.463Z",
    "aktif": true,
    "pasif_tarihi": null
  }
},
{
  "model": "kutuphane_app.ogrenci",
  "pk": 63,
  "fields": {
    "ad": "Cansin",
    "soyad": "Akgündüz",
    "ogrenci_no": "7A03",
    "sinif": 10,
    "rol": 1,
    "telefon": "0208-075 6392",
    "eposta": "gulbeyan80@example.net",
    "kayit_tarihi": "2022-03-14T15:46:20.797Z",
    "aktif": true,
    "pasif_tarihi": null
  }
},
{
  "model": "kutuphane_app.ogrenci",
  "pk": 64,
  "fields": {
    "ad": "Fersan",
    "soyad": "Seven",
    "ogrenci_no": "7A04",
    "sinif": 10,
    "rol": 1,
    "telefon": "+90(034)483-4719x173",
    "eposta": "isindurdu@example.org",
    "kayit_tarihi": "2020-10-28T16:09:42.576Z",
    "aktif": true,
    "pasif_tarihi": null
  }
},
{
  "model": "kutuphane_app.ogrenci",
  "pk": 65,
  "fields": {
    "ad": "Münezzer",
    "soyad": "Alemdar",
    "ogrenci_no": "7A05",
    "sinif": 10,
    "rol": 1,
    "telefon": "819 4 636",
    "eposta": "sefiye62@example.org",
    "kayit_tarihi": "2023-04-10T00:15:09.756Z",
    "aktif": true,
    "pasif_tarihi": null
  }
},
{
  "model": "kutuphane_app.ogrenci",
  "pk": 66,
  "fields": {
    "ad": "Tarancı",
    "soyad": "Çetin",
    "ogrenci_no": "7A06",
    "sinif": 10,
    "rol": 1,
    "telefon": "316 5 138",
    "eposta": "metinkayayorulmaz@example.org",
    "kayit_tarihi": "2023-04-24T21:37:41.322Z",
    "aktif": true,
    "pasif_tarihi": null
  }
},
{
  "model": "kutuphane_app.ogrenci",
  "pk": 67,
  "fields": {
    "ad": "Süzer",
    "soyad": "Fırat",
    "ogrenci_no": "7A07",
    "sinif": 10,
    "rol": 1,
    "telefon": "471 5 619",
    "eposta": "sabih19@example.com",
    "kayit_tarihi": "2023-12-25T01:55:57.713Z",
    "aktif": true,
    "pasif_tarihi": null
  }
},
{
  "model": "kutuphane_app.ogrenci",
  "pk": 68,
  "fields": {
    "ad": "Urhan",
    "soyad": "Şener",
    "ogrenci_no": "7A08",
    "sinif": 10,
    "rol": 1,
    "telefon": "02933710275",
    "eposta": "mazlumkaradeniz@example.net",
    "kayit_tarihi": "2020-12-01T17:35:44.467Z",
    "aktif": true,
    "pasif_tarihi": null
  }
},
{
  "model": "kutuphane_app.ogrenci",
  "pk": 69,
  "fields": {
    "ad": "Atagün",
    "soyad": "Yüksel",
    "ogrenci_no": "7A09",
    "sinif": 10,
    "rol": 1,
    "telefon": "+90(105)685-2349x180",
    "eposta": "yesilakgunduz@example.com",
    "kayit_tarihi": "2020-09-11T20:33:42.984Z",
    "aktif": true,
    "pasif_tarihi": null
  }
},
{
  "model": "kutuphane_app.ogrenci",
  "pk": 70,
  "fields": {
    "ad": "Mahigül",
    "soyad": "Aksu",
    "ogrenci_no": "7A10",
    "sinif": 10,
    "rol": 1,
    "telefon": "+90(573)599-3902x118",
    "eposta": "zhancer@example.com",
    "kayit_tarihi": "2025-07-20T17:23:45.123Z",
    "aktif": true,
    "pasif_tarihi": null
  }
},
{
  "model": "kutuphane_app.ogrenci",
  "pk": 71,
  "fields": {
    "ad": "Müzekker",
    "soyad": "Hayrioğlu",
    "ogrenci_no": "7B01",
    "sinif": 11,
    "rol": 1,
    "telefon": "+90 (090) 8181022",
    "eposta": "tumkurt78@example.com",
    "kayit_tarihi": "2020-09-24T16:27:27.846Z",
    "aktif": true,
    "pasif_tarihi": null
  }
},
{
  "model": "kutuphane_app.ogrenci",
  "pk": 72,
  "fields": {
    "ad": "Şirivan",
    "soyad": "Çetin",
    "ogrenci_no": "7B02",
    "sinif": 11,
    "rol": 1,
    "telefon": "+90(683)912-7688x107",
    "eposta": "urpersensoy@example.net",
    "kayit_tarihi": "2023-08-18T08:49:29.944Z",
    "aktif": true,
    "pasif_tarihi": null
  }
},
{
  "model": "kutuphane_app.ogrenci",
  "pk": 73,
  "fields": {
    "ad": "Zaliha",
    "soyad": "Karadeniz",
    "ogrenci_no": "7B03",
    "sinif": 11,
    "rol": 1,
    "telefon": "0122-425 6156",
    "eposta": "akcailmafer@example.net",
    "kayit_tarihi": "2020-11-28T11:37:05.487Z",
    "aktif": true,
    "pasif_tarihi": null
  }
},
{
  "model": "kutuphane_app.ogrenci",
  "pk": 74,
  "fields": {
    "ad": "Sevdi",
    "soyad": "Aslan",
    "ogrenci_no": "7B04",
    "sinif": 11,
    "rol": 1,
    "telefon": "0677-103 1928",
    "eposta": "sabettinyilmaz@example.com",
    "kayit_tarihi": "2023-06-04T02:01:27.577Z",
    "aktif": true,
    "pasif_tarihi": null
  }
},
{
  "model": "kutuphane_app.ogrenci",
  "pk": 75,
  "fields": {
    "ad": "Timurtaş",
    "soyad": "Dumanlı",
    "ogrenci_no": "7B05",
    "sinif": 11,
    "rol": 1,
    "telefon": "0628-379 6479",
    "eposta": "aslansavak@example.com",
    "kayit_tarihi": "2023-04-10T05:31:20.321Z",
    "aktif": true,
    "pasif_tarihi": null
  }
},
{
  "model": "kutuphane_app.ogrenci",
  "pk": 76,
  "fields": {
    "ad": "Cansin",
    "soyad": "Eraslan",
    "ogrenci_no": "7B06",
    "sinif": 11,
    "rol": 1,
    "telefon": "199 3 175",
    "eposta": "ummanocalan@example.com",
    "kayit_tarihi": "2025-04-02T00:05:57.370Z",
    "aktif": true,
    "pasif_tarihi": null
  }
},
{
  "model": "kutuphane_app.ogrenci",
  "pk": 77,
  "fields": {
    "ad": "Nasuf",
    "soyad": "Bilgin",
    "ogrenci_no": "7B07",
    "sinif": 11,
    "rol": 1,
    "telefon": "+90(461)696-3341x542",
    "eposta": "erkinel27@example.net",
    "kayit_tarihi": "2020-10-24T20:03:16.191Z",
    "aktif": true,
    "pasif_tarihi": null
  }
},
{
  "model": "kutuphane_app.ogrenci",
  "pk": 78,
  "fields": {
    "ad": "İklim",
    "soyad": "Sakarya",
    "ogrenci_no": "7B08",
    "sinif": 11,
    "rol": 1,
    "telefon": "+90 (351) 8596576",
    "eposta": "kzengin@example.com",
    "kayit_tarihi": "2020-07-22T23:31:44.268Z",
    "aktif": true,
    "pasif_tarihi": null
  }
},
{
  "model": "kutuphane_app.ogrenci",
  "pk": 79,
  "fields": {
    "ad": "Sefer",
    "soyad": "Aksu",
    "ogrenci_no": "7B09",
    "sinif": 11,
    "rol": 1,
    "telefon": "+90(415)0566822",
    "eposta": "ebilge@example.net",
    "kayit_tarihi": "2023-09-24T16:52:30.882Z",
    "aktif": true,
    "pasif_tarihi": null
  }
},
{
  "model": "kutuphane_app.ogrenci",
  "pk": 80,
  "fields": {
    "ad": "Çevregül",
    "soyad": "İhsanoğlu",
    "ogrenci_no": "7B10",
    "sinif": 11,
    "rol": 1,
    "telefon": "+90(015)525-4249x991",
    "eposta": "duranokyalaz@example.com",
    "kayit_tarihi": "2023-04-23T16:16:34.825Z",
    "aktif": true,
    "pasif_tarihi": null
  }
},
{
  "model": "kutuphane_app.ogrenci",
  "pk": 81,
  "fields": {
    "ad": "Acar",
    "soyad": "Arsoy",
    "ogrenci_no": "7C01",
    "sinif": 12,
    "rol": 1,
    "telefon": "0974-858 6479",
    "eposta": "nurullah55@example.net",
    "kayit_tarihi": "2024-01-20T14:39:09.121Z",
    "aktif": true,
    "pasif_tarihi": null
  }
},
{
  "model": "kutuphane_app.ogrenci",
  "pk": 82,
  "fields": {
    "ad": "Altoğan",
    "soyad": "Sakarya",
    "ogrenci_no": "7C02",
    "sinif": 12,
    "rol": 1,
    "telefon": "+90(091)6708671",
    "eposta": "fergul@example.org",
    "kayit_tarihi": "2023-06-18T15:48:04.850Z",
    "aktif": true,
    "pasif_tarihi": null
  }
},
{
  "model": "kutuphane_app.ogrenci",
  "pk": 83,
  "fields": {
    "ad": "Taylak",
    "soyad": "Yılmaz",
    "ogrenci_no": "7C03",
    "sinif": 12,
    "rol": 1,
    "telefon": "(943)046 5816",
    "eposta": "bsensoy@example.net",
    "kayit_tarihi": "2020-05-25T17:55:25.686Z",
    "aktif": true,
    "pasif_tarihi": null
  }
},
{
  "model": "kutuphane_app.ogrenci",
  "pk": 84,
  "fields": {
    "ad": "Melûl",
    "soyad": "Duran",
    "ogrenci_no": "7C04",
    "sinif": 12,
    "rol": 1,
    "telefon": "+90(890)7668468",
    "eposta": "gulbani65@example.org",
    "kayit_tarihi": "2022-04-29T17:09:36.108Z",
    "aktif": true,
    "pasif_tarihi": null
  }
},
{
  "model": "kutuphane_app.ogrenci",
  "pk": 85,
  "fields": {
    "ad": "Salkın",
    "soyad": "Tevetoğlu",
    "ogrenci_no": "7C05",
    "sinif": 12,
    "rol": 1,
    "telefon": "+90(834)969-1179x678",
    "eposta": "aslanhavali@example.com",
    "kayit_tarihi": "2025-03-11T23:00:59.201Z",
    "aktif": true,
    "pasif_tarihi": null
  }
},
{
  "model": "kutuphane_app.ogrenci",
  "pk": 86,
  "fields": {
    "ad": "Paksu",
    "soyad": "Sezer",
    "ogrenci_no": "7C06",
    "sinif": 12,
    "rol": 1,
    "telefon": "00369404336",
    "eposta": "cilgaguclu@example.com",
    "kayit_tarihi": "2022-01-17T11:28:11.532Z",
    "aktif": true,
    "pasif_tarihi": null
  }
},
{
  "model": "kutuphane_app.ogrenci",
  "pk": 87,
  "fields": {
    "ad": "Ermutlu",
    "soyad": "Şama",
    "ogrenci_no": "7C07",
    "sinif": 12,
    "rol": 1,
    "telefon": "821 1 042",
    "eposta": "edurdu@example.org",
    "kayit_tarihi": "2020-04-04T07:15:42.616Z",
    "aktif": true,
    "pasif_tarihi": null
  }
},
{
  "model": "kutuphane_app.ogrenci",
  "pk": 88,
  "fields": {
    "ad": "Ümmet",
    "soyad": "Erdoğan",
    "ogrenci_no": "7C08",
    "sinif": 12,
    "rol": 1,
    "telefon": "+90 (000) 5016411",
    "eposta": "corlusaba@example.org",
    "kayit_tarihi": "2022-03-22T01:32:01.076Z",
    "aktif": true,
    "pasif_tarihi": null
  }
},
{
  "model": "kutuphane_app.ogrenci",
  "pk": 89,
  "fields": {
    "ad": "Çağdan",
    "soyad": "Şama",
    "ogrenci_no": "7C09",
    "sinif": 12,
    "rol": 1,
    "telefon": "+90(738)163-7470x126",
    "eposta": "yepelekguclu@example.org",
    "kayit_tarihi": "2024-11-26T21:05:54.124Z",
    "aktif": true,
    "pasif_tarihi": null
  }
},
{
  "model": "kutuphane_app.ogrenci",
  "pk": 90,
  "fields": {
    "ad": "Nurkan",
    "soyad": "Dumanlı",
    "ogrenci_no": "7C10",
    "sinif": 12,
    "rol": 1,
    "telefon": "+90(339)874-1851x767",
    "eposta": "gunaydinihsanoglu@example.com",
    "kayit_tarihi": "2022-05-11T14:56:04.820Z",
    "aktif": true,
    "pasif_tarihi": null
  }
},
{
  "model": "kutuphane_app.ogrenci",
  "pk": 91,
  "fields": {
    "ad": "Tutkucan",
    "soyad": "Çetin",
    "ogrenci_no": "8A01",
    "sinif": 10,
    "rol": 1,
    "telefon": "439 1 115",
    "eposta": "azettinyildirim@example.net",
    "kayit_tarihi": "2023-07-24T17:00:24.372Z",
    "aktif": false,
    "pasif_tarihi": "2025-10-04T01:15:58.556Z"
  }
},
{
  "model": "kutuphane_app.ogrenci",
  "pk": 92,
  "fields": {
    "ad": "Cebesoy",
    "soyad": "Akçay",
    "ogrenci_no": "8A02",
    "sinif": 10,
    "rol": 1,
    "telefon": "+90(834)339-6469x584",
    "eposta": "yumun75@example.com",
    "kayit_tarihi": "2024-04-28T01:12:32.162Z",
    "aktif": false,
    "pasif_tarihi": "2025-10-04T01:15:58.556Z"
  }
},
{
  "model": "kutuphane_app.ogrenci",
  "pk": 93,
  "fields": {
    "ad": "Yigit",
    "soyad": "Ertaş",
    "ogrenci_no": "8A03",
    "sinif": 10,
    "rol": 1,
    "telefon": "0315 356 50 90",
    "eposta": "akdenizarifcan@example.org",
    "kayit_tarihi": "2025-04-18T23:38:00.873Z",
    "aktif": false,
    "pasif_tarihi": "2025-10-04T01:15:58.556Z"
  }
},
{
  "model": "kutuphane_app.ogrenci",
  "pk": 94,
  "fields": {
    "ad": "Tuğrulhan",
    "soyad": "Sezer",
    "ogrenci_no": "8A04",
    "sinif": 10,
    "rol": 1,
    "telefon": "0375 357 36 79",
    "eposta": "psama@example.net",
    "kayit_tarihi": "2024-04-16T10:27:09.618Z",
    "aktif": false,
    "pasif_tarihi": "2025-10-04T01:15:58.556Z"
  }
},
{
  "model": "kutuphane_app.ogrenci",
  "pk": 95,
  "fields": {
    "ad": "Tonguç",
    "soyad": "Akçay",
    "ogrenci_no": "8A05",
    "sinif": 10,
    "rol": 1,
    "telefon": "+90 (599) 7036135",
    "eposta": "aslanhaluk@example.com",
    "kayit_tarihi": "2020-02-26T16:28:06.398Z",
    "aktif": false,
    "pasif_tarihi": "2025-10-04T01:15:58.556Z"
  }
},
{
  "model": "kutuphane_app.ogrenci",
  "pk": 96,
  "fields": {
    "ad": "Emirşan",
    "soyad": "Eraslan",
    "ogrenci_no": "8A06",
    "sinif": 10,
    "rol": 1,
    "telefon": "01524333448",
    "eposta": "durgadin77@example.org",
    "kayit_tarihi": "2022-03-21T17:50:43.312Z",
    "aktif": false,
    "pasif_tarihi": "2025-10-04T01:15:58.556Z"
  }
},
{
  "model": "kutuphane_app.ogrenci",
  "pk": 97,
  "fields": {
    "ad": "Açılay",
    "soyad": "Durmuş",
    "ogrenci_no": "8A07",
    "sinif": 10,
    "rol": 1,
    "telefon": "311 9 219",
    "eposta": "hatinergul@example.org",
    "kayit_tarihi": "2020-11-07T13:18:03.484Z",
    "aktif": false,
    "pasif_tarihi": "2025-10-04T01:15:58.556Z"
  }
},
{
  "model": "kutuphane_app.ogrenci",
  "pk": 98,
  "fields": {
    "ad": "Öge",
    "soyad": "Şener",
    "ogrenci_no": "8A08",
    "sinif": 10,
    "rol": 1,
    "telefon": "+90(659)604-2911x669",
    "eposta": "suheydagulen@example.com",
    "kayit_tarihi": "2022-11-04T18:41:30.580Z",
    "aktif": false,
    "pasif_tarihi": "2025-10-04T01:15:58.556Z"
  }
},
{
  "model": "kutuphane_app.ogrenci",
  "pk": 99,
  "fields": {
    "ad": "Ruhugül",
    "soyad": "Çorlu",
    "ogrenci_no": "8A09",
    "sinif": 10,
    "rol": 1,
    "telefon": "0667 604 74 14",
    "eposta": "bahtinur53@example.net",
    "kayit_tarihi": "2025-05-13T18:59:05.950Z",
    "aktif": false,
    "pasif_tarihi": "2025-10-04T01:15:58.556Z"
  }
},
{
  "model": "kutuphane_app.ogrenci",
  "pk": 100,
  "fields": {
    "ad": "Çelikkan",
    "soyad": "Erdoğan",
    "ogrenci_no": "8A10",
    "sinif": 10,
    "rol": 1,
    "telefon": "(177)620 3508",
    "eposta": "nazimet04@example.org",
    "kayit_tarihi": "2022-06-29T07:23:28.233Z",
    "aktif": false,
    "pasif_tarihi": "2025-10-04T01:15:58.556Z"
  }
},
{
  "model": "kutuphane_app.ogrenci",
  "pk": 101,
  "fields": {
    "ad": "Dirican",
    "soyad": "Ertaş",
    "ogrenci_no": "8B01",
    "sinif": 11,
    "rol": 1,
    "telefon": "+90(701)047-4238x032",
    "eposta": "sirriye41@example.com",
    "kayit_tarihi": "2024-08-18T06:56:34.401Z",
    "aktif": false,
    "pasif_tarihi": "2025-10-04T01:15:58.556Z"
  }
},
{
  "model": "kutuphane_app.ogrenci",
  "pk": 102,
  "fields": {
    "ad": "Şanlı",
    "soyad": "Şama",
    "ogrenci_no": "8B02",
    "sinif": 11,
    "rol": 1,
    "telefon": "04864862116",
    "eposta": "isikayarsoy@example.net",
    "kayit_tarihi": "2020-11-21T04:10:01.362Z",
    "aktif": false,
    "pasif_tarihi": "2025-10-04T01:15:58.556Z"
  }
},
{
  "model": "kutuphane_app.ogrenci",
  "pk": 103,
  "fields": {
    "ad": "Kuddusi",
    "soyad": "Sezer",
    "ogrenci_no": "8B03",
    "sinif": 11,
    "rol": 1,
    "telefon": "+90(958)2235217",
    "eposta": "ortakyaman@example.com",
    "kayit_tarihi": "2025-08-01T15:45:16.733Z",
    "aktif": false,
    "pasif_tarihi": "2025-10-04T01:15:58.556Z"
  }
},
{
  "model": "kutuphane_app.ogrenci",
  "pk": 104,
  "fields": {
    "ad": "Döner",
    "soyad": "Akar",
    "ogrenci_no": "8B04",
    "sinif": 11,
    "rol": 1,
    "telefon": "00508369098",
    "eposta": "gunkurt69@example.net",
    "kayit_tarihi": "2020-07-13T00:43:51.443Z",
    "aktif": false,
    "pasif_tarihi": "2025-10-04T01:15:58.556Z"
  }
},
{
  "model": "kutuphane_app.ogrenci",
  "pk": 105,
  "fields": {
    "ad": "Çelem",
    "soyad": "Ülker",
    "ogrenci_no": "8B05",
    "sinif": 11,
    "rol": 1,
    "telefon": "(827)008 4188",
    "eposta": "tinonu@example.org",
    "kayit_tarihi": "2025-05-03T06:20:14.890Z",
    "aktif": false,
    "pasif_tarihi": "2025-10-04T01:15:58.556Z"
  }
},
{
  "model": "kutuphane_app.ogrenci",
  "pk": 106,
  "fields": {
    "ad": "Uzsoy",
    "soyad": "Seven",
    "ogrenci_no": "8B06",
    "sinif": 11,
    "rol": 1,
    "telefon": "560 3 558",
    "eposta": "veisdurmus@example.org",
    "kayit_tarihi": "2020-09-30T06:54:51.867Z",
    "aktif": false,
    "pasif_tarihi": "2025-10-04T01:15:58.556Z"
  }
},
{
  "model": "kutuphane_app.ogrenci",
  "pk": 107,
  "fields": {
    "ad": "Zahid",
    "soyad": "Akça",
    "ogrenci_no": "8B07",
    "sinif": 11,
    "rol": 1,
    "telefon": "524 0 185",
    "eposta": "mihintevetoglu@example.net",
    "kayit_tarihi": "2020-10-13T16:01:57.865Z",
    "aktif": false,
    "pasif_tarihi": "2025-10-04T01:15:58.556Z"
  }
},
{
  "model": "kutuphane_app.ogrenci",
  "pk": 108,
  "fields": {
    "ad": "Nurhayet",
    "soyad": "Manço",
    "ogrenci_no": "8B08",
    "sinif": 11,
    "rol": 1,
    "telefon": "07596444420",
    "eposta": "hamiyildirim@example.com",
    "kayit_tarihi": "2022-08-13T13:30:16.852Z",
    "aktif": false,
    "pasif_tarihi": "2025-10-04T01:15:58.556Z"
  }
},
{
  "model": "kutuphane_app.ogrenci",
  "pk": 109,
  "fields": {
    "ad": "Egenur",
    "soyad": "Çamurcuoğlu",
    "ogrenci_no": "8B09",
    "sinif": 11,
    "rol": 1,
    "telefon": "0370-548 1843",
    "eposta": "gsakarya@example.org",
    "kayit_tarihi": "2021-06-01T06:27:21.644Z",
    "aktif": false,
    "pasif_tarihi": "2025-10-04T01:15:58.556Z"
  }
},
{
  "model": "kutuphane_app.ogrenci",
  "pk": 110,
  "fields": {
    "ad": "Erten",
    "soyad": "Akar",
    "ogrenci_no": "8B10",
    "sinif": 11,
    "rol": 1,
    "telefon": "+90(006)997-0266x684",
    "eposta": "demiryasemen@example.com",
    "kayit_tarihi": "2021-01-08T16:31:15.378Z",
    "aktif": false,
    "pasif_tarihi": "2025-10-04T01:15:58.556Z"
  }
},
{
  "model": "kutuphane_app.ogrenci",
  "pk": 111,
  "fields": {
    "ad": "Okyalaz",
    "soyad": "Akgündüz",
    "ogrenci_no": "8C01",
    "sinif": 12,
    "rol": 1,
    "telefon": "(282)766 1176",
    "eposta": "ermutluertas@example.net",
    "kayit_tarihi": "2020-12-05T15:13:33.029Z",
    "aktif": false,
    "pasif_tarihi": "2025-10-04T01:15:58.556Z"
  }
},
{
  "model": "kutuphane_app.ogrenci",
  "pk": 112,
  "fields": {
    "ad": "Çoğay",
    "soyad": "Yaman",
    "ogrenci_no": "8C02",
    "sinif": 12,
    "rol": 1,
    "telefon": "+90 (198) 1001795",
    "eposta": "ayboraihsanoglu@example.com",
    "kayit_tarihi": "2023-11-18T17:07:38.183Z",
    "aktif": false,
    "pasif_tarihi": "2025-10-04T01:15:58.556Z"
  }
},
{
  "model": "kutuphane_app.ogrenci",
  "pk": 113,
  "fields": {
    "ad": "Balatekin",
    "soyad": "Bilge",
    "ogrenci_no": "8C03",
    "sinif": 12,
    "rol": 1,
    "telefon": "+90(270)7748409",
    "eposta": "bsezer@example.com",
    "kayit_tarihi": "2023-04-01T04:46:16.893Z",
    "aktif": false,
    "pasif_tarihi": "2025-10-04T01:15:58.556Z"
  }
},
{
  "model": "kutuphane_app.ogrenci",
  "pk": 114,
  "fields": {
    "ad": "Gençay",
    "soyad": "Akçay",
    "ogrenci_no": "8C04",
    "sinif": 12,
    "rol": 1,
    "telefon": "0447 446 13 33",
    "eposta": "sinasimansiz@example.com",
    "kayit_tarihi": "2024-05-26T11:27:38.818Z",
    "aktif": false,
    "pasif_tarihi": "2025-10-04T01:15:58.556Z"
  }
},
{
  "model": "kutuphane_app.ogrenci",
  "pk": 115,
  "fields": {
    "ad": "Gülüs",
    "soyad": "Tevetoğlu",
    "ogrenci_no": "8C05",
    "sinif": 12,
    "rol": 1,
    "telefon": "842 5 998",
    "eposta": "ocalaneris@example.com",
    "kayit_tarihi": "2021-07-10T21:50:00.523Z",
    "aktif": false,
    "pasif_tarihi": "2025-10-04T01:15:58.556Z"
  }
},
{
  "model": "kutuphane_app.ogrenci",
  "pk": 116,
  "fields": {
    "ad": "Nezengül",
    "soyad": "Ertaş",
    "ogrenci_no": "8C06",
    "sinif": 12,
    "rol": 1,
    "telefon": "+90 (498) 7909828",
    "eposta": "vildanecetin@example.net",
    "kayit_tarihi": "2022-11-30T16:30:33.730Z",
    "aktif": false,
    "pasif_tarihi": "2025-10-04T01:15:58.556Z"
  }
},
{
  "model": "kutuphane_app.ogrenci",
  "pk": 117,
  "fields": {
    "ad": "Ervaniye",
    "soyad": "Akar",
    "ogrenci_no": "8C07",
    "sinif": 12,
    "rol": 1,
    "telefon": "01175913898",
    "eposta": "akbogaguclu@example.net",
    "kayit_tarihi": "2023-06-19T03:48:25.878Z",
    "aktif": false,
    "pasif_tarihi": "2025-10-04T01:15:58.556Z"
  }
},
{
  "model": "kutuphane_app.ogrenci",
  "pk": 161,
  "fields": {
    "ad": "A",
    "soyad": "t",
    "ogrenci_no": "11",
    "sinif": 1,
    "rol": null,
    "telefon": null,
    "eposta": null,
    "kayit_tarihi": "2025-10-04T01:15:58.537Z",
    "aktif": true,
    "pasif_tarihi": null
  }
},
{
  "model": "kutuphane_app.ogrenci",
  "pk": 162,
  "fields": {
    "ad": "b",
    "soyad": "t",
    "ogrenci_no": "12",
    "sinif": 1,
    "rol": null,
    "telefon": null,
    "eposta": null,
    "kayit_tarihi": "2025-10-04T01:15:58.539Z",
    "aktif": true,
    "pasif_tarihi": null
  }
},
{
  "model": "kutuphane_app.ogrenci",
  "pk": 163,
  "fields": {
    "ad": "can",
    "soyad": "t",
    "ogrenci_no": "13",
    "sinif": 1,
    "rol": null,
    "telefon": null,
    "eposta": null,
    "kayit_tarihi": "2025-10-04T01:15:58.541Z",
    "aktif": true,
    "pasif_tarihi": null
  }
},
{
  "model": "kutuphane_app.ogrenci",
  "pk": 164,
  "fields": {
    "ad": "d",
    "soyad": "t",
    "ogrenci_no": "14",
    "sinif": 2,
    "rol": null,
    "telefon": null,
    "eposta": null,
    "kayit_tarihi": "2025-10-04T01:15:58.543Z",
    "aktif": true,
    "pasif_tarihi": null
  }
},
{
  "model": "kutuphane_app.ogrenci",
  "pk": 165,
  "fields": {
    "ad": "er",
    "soyad": "t",
    "ogrenci_no": "15",
    "sinif": 2,
    "rol": null,
    "telefon": null,
    "eposta": null,
    "kayit_tarihi": "2025-10-04T01:15:58.545Z",
    "aktif": true,
    "pasif_tarihi": null
  }
},
{
  "model": "kutuphane_app.ogrenci",
  "pk": 166,
  "fields": {
    "ad": "f",
    "soyad": "t",
    "ogrenci_no": "16",
    "sinif": 2,
    "rol": null,
    "telefon": null,
    "eposta": null,
    "kayit_tarihi": "2025-10-04T01:15:58.548Z",
    "aktif": true,
    "pasif_tarihi": null
  }
},
{
  "model": "kutuphane_app.ogrenci",
  "pk": 167,
  "fields": {
    "ad": "g",
    "soyad": "t",
    "ogrenci_no": "17",
    "sinif": 2,
    "rol": null,
    "telefon": null,
    "eposta": null,
    "kayit_tarihi": "2025-10-04T01:15:58.550Z",
    "aktif": true,
    "pasif_tarihi": null
  }
},
{
  "model": "kutuphane_app.ogrenci",
  "pk": 168,
  "fields": {
    "ad": "h",
    "soyad": "t",
    "ogrenci_no": "18",
    "sinif": 3,
    "rol": null,
    "telefon": null,
    "eposta": null,
    "kayit_tarihi": "2025-10-04T01:15:58.552Z",
    "aktif": true,
    "pasif_tarihi": null
  }
},
{
  "model": "kutuphane_app.ogrenci",
  "pk": 169,
  "fields": {
    "ad": "i",
    "soyad": "t",
    "ogrenci_no": "19",
    "sinif": 3,
    "rol": null,
    "telefon": null,
    "eposta": null,
    "kayit_tarihi": "2025-10-04T01:15:58.554Z",
    "aktif": true,
    "pasif_tarihi": null
  }
},
{
  "model": "kutuphane_app.ogrenci",
  "pk": 170,
  "fields": {
    "ad": "r",
    "soyad": "t",
    "ogrenci_no": "20",
    "sinif": 3,
    "rol": null,
    "telefon": null,
    "eposta": null,
    "kayit_tarihi": "2025-10-04T01:15:58.555Z",
    "aktif": true,
    "pasif_tarihi": null
  }
},
{
  "model": "kutuphane_app.arsivbatch",
  "pk": 1,
  "fields": {
    "aciklama": "3+ yıl pasif öğrenciler",
    "olusturma_tarihi": "2025-10-04T01:20:48.072Z",
    "json_dosya": "arsiv/arsiv_1.json"
  }
},
{
  "model": "kutuphane_app.arsivogrenci",
  "pk": 1,
  "fields": {
    "batch": 1,
    "ogrenci_no": "8C10",
    "ad": "Zoral",
    "soyad": "Hançer",
    "sinif_ad": "8-C",
    "rol_ad": "Öğrenci",
    "telefon": "476 5 547",
    "eposta": "arslanmahir@example.org",
    "kayit_tarihi": "2024-04-20T20:38:35.727Z",
    "pasif_tarihi": "2022-10-04T01:15:58Z"
  }
},
{
  "model": "kutuphane_app.arsivogrenci",
  "pk": 2,
  "fields": {
    "batch": 1,
    "ogrenci_no": "8C09",
    "ad": "Muvaffak",
    "soyad": "Durdu",
    "sinif_ad": "8-C",
    "rol_ad": "Öğrenci",
    "telefon": "129 4 185",
    "eposta": "memili29@example.com",
    "kayit_tarihi": "2024-04-22T07:24:49.828Z",
    "pasif_tarihi": "2022-10-04T01:15:58Z"
  }
},
{
  "model": "kutuphane_app.arsivogrenci",
  "pk": 3,
  "fields": {
    "batch": 1,
    "ogrenci_no": "8C08",
    "ad": "Ruhide",
    "soyad": "Şafak",
    "sinif_ad": "8-C",
    "rol_ad": "Öğrenci",
    "telefon": "+90(737)533-8918x999",
    "eposta": "tokoz72@example.org",
    "kayit_tarihi": "2020-03-16T20:32:42.958Z",
    "pasif_tarihi": "2021-10-04T01:15:58Z"
  }
},
{
  "model": "kutuphane_app.arsivodunc",
  "pk": 1,
  "fields": {
    "batch": 1,
    "ogrenci_no": "8C10",
    "kitap_baslik": "Masumiyet Müzesi",
    "barkod": "KIT00004",
    "odunc_tarihi": "2025-04-30T09:35:58.976Z",
    "iade_tarihi": "2025-05-15T09:35:58.976Z",
    "teslim_tarihi": "2025-05-12T09:35:58.976Z",
    "durum": "teslim",
    "gecikme_cezasi": null
  }
},
{
  "model": "kutuphane_app.arsivodunc",
  "pk": 2,
  "fields": {
    "batch": 1,
    "ogrenci_no": "8C09",
    "kitap_baslik": "Sinekli Bakkal",
    "barkod": "KIT00031",
    "odunc_tarihi": "2025-09-08T09:35:58.976Z",
    "iade_tarihi": "2025-09-23T09:35:58.976Z",
    "teslim_tarihi": null,
    "durum": "oduncte",
    "gecikme_cezasi": null
  }
},
{
  "model": "kutuphane_app.arsivodunc",
  "pk": 3,
  "fields": {
    "batch": 1,
    "ogrenci_no": "8C09",
    "kitap_baslik": "Tarih Boyunca Türkler",
    "barkod": "KIT00069",
    "odunc_tarihi": "2025-09-06T09:35:58.976Z",
    "iade_tarihi": "2025-09-21T09:35:58.976Z",
    "teslim_tarihi": null,
    "durum": "oduncte",
    "gecikme_cezasi": null
  }
},
{
  "model": "kutuphane_app.arsivodunc",
  "pk": 4,
  "fields": {
    "batch": 1,
    "ogrenci_no": "8C08",
    "kitap_baslik": "İpek Yolu",
    "barkod": "KIT00090",
    "odunc_tarihi": "2025-09-17T09:35:58.976Z",
    "iade_tarihi": "2025-10-02T09:35:58.976Z",
    "teslim_tarihi": null,
    "durum": "oduncte",
    "gecikme_cezasi": null
  }
},
{
  "model": "kutuphane_app.arsivodunc",
  "pk": 5,
  "fields": {
    "batch": 1,
    "ogrenci_no": "8C09",
    "kitap_baslik": "Zamanın Kısa Tarihi",
    "barkod": "KIT00102",
    "odunc_tarihi": "2025-09-05T09:35:58.976Z",
    "iade_tarihi": "2025-09-20T09:35:58.976Z",
    "teslim_tarihi": null,
    "durum": "oduncte",
    "gecikme_cezasi": null
  }
},
{
  "model": "kutuphane_app.arsivodunc",
  "pk": 6,
  "fields": {
    "batch": 1,
    "ogrenci_no": "8C10",
    "kitap_baslik": "Andersen Masalları",
    "barkod": "KIT00147",
    "odunc_tarihi": "2025-04-21T09:35:58.976Z",
    "iade_tarihi": "2025-05-06T09:35:58.976Z",
    "teslim_tarihi": "2025-05-04T09:35:58.976Z",
    "durum": "teslim",
    "gecikme_cezasi": null
  }
},
{
  "model": "kutuphane_app.arsivodunc",
  "pk": 7,
  "fields": {
    "batch": 1,
    "ogrenci_no": "8C09",
    "kitap_baslik": "Peter Pan",
    "barkod": "KIT00157",
    "odunc_tarihi": "2025-04-10T09:35:58.976Z",
    "iade_tarihi": "2025-04-25T09:35:58.976Z",
    "teslim_tarihi": "2025-04-24T09:35:58.976Z",
    "durum": "teslim",
    "gecikme_cezasi": null
  }
},
{
  "model": "kutuphane_app.arsivodunc",
  "pk": 8,
  "fields": {
    "batch": 1,
    "ogrenci_no": "8C08",
    "kitap_baslik": "Peter Pan",
    "barkod": "KIT00160",
    "odunc_tarihi": "2025-09-06T09:35:58.976Z",
    "iade_tarihi": "2025-09-21T09:35:58.976Z",
    "teslim_tarihi": "2025-09-17T09:35:58.976Z",
    "durum": "teslim",
    "gecikme_cezasi": null
  }
},
{
  "model": "kutuphane_app.yazar",
  "pk": 1,
  "fields": {
    "ad_soyad": "Sabahattin Ali"
  }
},
{
  "model": "kutuphane_app.yazar",
  "pk": 2,
  "fields": {
    "ad_soyad": "Orhan Pamuk"
  }
},
{
  "model": "kutuphane_app.yazar",
  "pk": 3,
  "fields": {
    "ad_soyad": "Yaşar Kemal"
  }
},
{
  "model": "kutuphane_app.yazar",
  "pk": 4,
  "fields": {
    "ad_soyad": "Elif Şafak"
  }
},
{
  "model": "kutuphane_app.yazar",
  "pk": 5,
  "fields": {
    "ad_soyad": "Nazım Hikmet"
  }
},
{
  "model": "kutuphane_app.yazar",
  "pk": 6,
  "fields": {
    "ad_soyad": "Peyami Safa"
  }
},
{
  "model": "kutuphane_app.yazar",
  "pk": 7,
  "fields": {
    "ad_soyad": "Halide Edip Adıvar"
  }
},
{
  "model": "kutuphane_app.yazar",
  "pk": 8,
  "fields": {
    "ad_soyad": "Cemil Meriç"
  }
},
{
  "model": "kutuphane_app.yazar",
  "pk": 9,
  "fields": {
    "ad_soyad": "Ahmet Hamdi Tanpınar"
  }
},
{
  "model": "kutuphane_app.yazar",
  "pk": 10,
  "fields": {
    "ad_soyad": "Oğuz Atay"
  }
},
{
  "model": "kutuphane_app.yazar",
  "pk": 11,
  "fields": {
    "ad_soyad": "İlber Ortaylı"
  }
},
{
  "model": "kutuphane_app.yazar",
  "pk": 12,
  "fields": {
    "ad_soyad": "Halil İnalcık"
  }
},
{
  "model": "kutuphane_app.yazar",
  "pk": 13,
  "fields": {
    "ad_soyad": "Zülfü Livaneli"
  }
},
{
  "model": "kutuphane_app.yazar",
  "pk": 14,
  "fields": {
    "ad_soyad": "Mehmet Akif Ersoy"
  }
},
{
  "model": "kutuphane_app.yazar",
  "pk": 15,
  "fields": {
    "ad_soyad": "Can Yücel"
  }
},
{
  "model": "kutuphane_app.yazar",
  "pk": 16,
  "fields": {
    "ad_soyad": "Refik Halit Karay"
  }
},
{
  "model": "kutuphane_app.yazar",
  "pk": 17,
  "fields": {
    "ad_soyad": "Tarık Buğra"
  }
},
{
  "model": "kutuphane_app.yazar",
  "pk": 18,
  "fields": {
    "ad_soyad": "Sezai Karakoç"
  }
},
{
  "model": "kutuphane_app.yazar",
  "pk": 19,
  "fields": {
    "ad_soyad": "Necip Fazıl Kısakürek"
  }
},
{
  "model": "kutuphane_app.yazar",
  "pk": 20,
  "fields": {
    "ad_soyad": "Attilâ İlhan"
  }
},
{
  "model": "kutuphane_app.kategori",
  "pk": 1,
  "fields": {
    "ad": "Roman"
  }
},
{
  "model": "kutuphane_app.kategori",
  "pk": 2,
  "fields": {
    "ad": "Tarih"
  }
},
{
  "model": "kutuphane_app.kategori",
  "pk": 3,
  "fields": {
    "ad": "Bilim"
  }
},
{
  "model": "kutuphane_app.kategori",
  "pk": 4,
  "fields": {
    "ad": "Çocuk"
  }
},
{
  "model": "kutuphane_app.kitap",
  "pk": 1,
  "fields": {
    "baslik": "Kürk Mantolu Madonna",
    "yazar": 14,
    "kategori": 1,
    "yayin_yili": 2018,
    "isbn": "978-1-08-352970-1"
  }
},
{
  "model": "kutuphane_app.kitap",
  "pk": 2,
  "fields": {
    "baslik": "Masumiyet Müzesi",
    "yazar": 17,
    "kategori": 1,
    "yayin_yili": 1976,
    "isbn": "978-1-59504-692-5"
  }
},
{
  "model": "kutuphane_app.kitap",
  "pk": 3,
  "fields": {
    "baslik": "Tutunamayanlar",
    "yazar": 13,
    "kategori": 1,
    "yayin_yili": 1944,
    "isbn": "978-0-580-74424-2"
  }
},
{
  "model": "kutuphane_app.kitap",
  "pk": 4,
  "fields": {
    "baslik": "Saatleri Ayarlama Enstitüsü",
    "yazar": 12,
    "kategori": 1,
    "yayin_yili": 2000,
    "isbn": "978-0-532-49986-2"
  }
},
{
  "model": "kutuphane_app.kitap",
  "pk": 5,
  "fields": {
    "baslik": "Tehlikeli Oyunlar",
    "yazar": 1,
    "kategori": 1,
    "yayin_yili": 1939,
    "isbn": "978-1-888134-70-4"
  }
},
{
  "model": "kutuphane_app.kitap",
  "pk": 6,
  "fields": {
    "baslik": "Serenad",
    "yazar": 5,
    "kategori": 1,
    "yayin_yili": 2001,
    "isbn": "978-0-462-94801-0"
  }
},
{
  "model": "kutuphane_app.kitap",
  "pk": 7,
  "fields": {
    "baslik": "İnce Memed",
    "yazar": 18,
    "kategori": 1,
    "yayin_yili": 2014,
    "isbn": "978-0-237-47521-5"
  }
},
{
  "model": "kutuphane_app.kitap",
  "pk": 8,
  "fields": {
    "baslik": "İstanbul Hatırası",
    "yazar": 10,
    "kategori": 1,
    "yayin_yili": 1993,
    "isbn": "978-1-880674-35-2"
  }
},
{
  "model": "kutuphane_app.kitap",
  "pk": 9,
  "fields": {
    "baslik": "Aşk",
    "yazar": 5,
    "kategori": 1,
    "yayin_yili": 1967,
    "isbn": "978-1-231-29557-1"
  }
},
{
  "model": "kutuphane_app.kitap",
  "pk": 10,
  "fields": {
    "baslik": "Benim Adım Kırmızı",
    "yazar": 9,
    "kategori": 1,
    "yayin_yili": 1947,
    "isbn": "978-0-12-060546-0"
  }
},
{
  "model": "kutuphane_app.kitap",
  "pk": 11,
  "fields": {
    "baslik": "Eylül",
    "yazar": 15,
    "kategori": 1,
    "yayin_yili": 1948,
    "isbn": "978-0-85820-981-7"
  }
},
{
  "model": "kutuphane_app.kitap",
  "pk": 12,
  "fields": {
    "baslik": "Çalıkuşu",
    "yazar": 18,
    "kategori": 1,
    "yayin_yili": 2007,
    "isbn": "978-1-181-05179-1"
  }
},
{
  "model": "kutuphane_app.kitap",
  "pk": 13,
  "fields": {
    "baslik": "Fatih Harbiye",
    "yazar": 15,
    "kategori": 1,
    "yayin_yili": 1998,
    "isbn": "978-0-85090-966-1"
  }
},
{
  "model": "kutuphane_app.kitap",
  "pk": 14,
  "fields": {
    "baslik": "Sinekli Bakkal",
    "yazar": 1,
    "kategori": 1,
    "yayin_yili": 2014,
    "isbn": "978-0-17-614858-4"
  }
},
{
  "model": "kutuphane_app.kitap",
  "pk": 15,
  "fields": {
    "baslik": "Sefiller",
    "yazar": 4,
    "kategori": 1,
    "yayin_yili": 1976,
    "isbn": "978-1-08-922878-3"
  }
},
{
  "model": "kutuphane_app.kitap",
  "pk": 16,
  "fields": {
    "baslik": "Suç ve Ceza",
    "yazar": 12,
    "kategori": 1,
    "yayin_yili": 1951,
    "isbn": "978-1-86730-511-8"
  }
},
{
  "model": "kutuphane_app.kitap",
  "pk": 17,
  "fields": {
    "baslik": "Anna Karenina",
    "yazar": 14,
    "kategori": 1,
    "yayin_yili": 1953,
    "isbn": "978-0-344-07745-6"
  }
},
{
  "model": "kutuphane_app.kitap",
  "pk": 18,
  "fields": {
    "baslik": "Yeraltından Notlar",
    "yazar": 10,
    "kategori": 1,
    "yayin_yili": 1965,
    "isbn": "978-1-239-56952-0"
  }
},
{
  "model": "kutuphane_app.kitap",
  "pk": 19,
  "fields": {
    "baslik": "Kırmızı Pazartesi",
    "yazar": 3,
    "kategori": 1,
    "yayin_yili": 2004,
    "isbn": "978-0-633-58331-6"
  }
},
{
  "model": "kutuphane_app.kitap",
  "pk": 20,
  "fields": {
    "baslik": "Dönüşüm",
    "yazar": 14,
    "kategori": 1,
    "yayin_yili": 1991,
    "isbn": "978-1-83902-503-7"
  }
},
{
  "model": "kutuphane_app.kitap",
  "pk": 21,
  "fields": {
    "baslik": "Osmanlı Tarihi",
    "yazar": 12,
    "kategori": 2,
    "yayin_yili": 1969,
    "isbn": "978-1-4767-1307-6"
  }
},
{
  "model": "kutuphane_app.kitap",
  "pk": 22,
  "fields": {
    "baslik": "Devlet-i Aliyye",
    "yazar": 4,
    "kategori": 2,
    "yayin_yili": 1977,
    "isbn": "978-0-01-516425-6"
  }
},
{
  "model": "kutuphane_app.kitap",
  "pk": 23,
  "fields": {
    "baslik": "Atatürk ve Cumhuriyet",
    "yazar": 17,
    "kategori": 2,
    "yayin_yili": 1973,
    "isbn": "978-0-406-40646-0"
  }
},
{
  "model": "kutuphane_app.kitap",
  "pk": 24,
  "fields": {
    "baslik": "Türklerin Tarihi",
    "yazar": 1,
    "kategori": 2,
    "yayin_yili": 2019,
    "isbn": "978-0-902199-19-4"
  }
},
{
  "model": "kutuphane_app.kitap",
  "pk": 25,
  "fields": {
    "baslik": "Osmanlı Padişahları",
    "yazar": 18,
    "kategori": 2,
    "yayin_yili": 1993,
    "isbn": "978-1-05-532645-1"
  }
},
{
  "model": "kutuphane_app.kitap",
  "pk": 26,
  "fields": {
    "baslik": "Selçuklular Tarihi",
    "yazar": 7,
    "kategori": 2,
    "yayin_yili": 2004,
    "isbn": "978-1-78612-249-0"
  }
},
{
  "model": "kutuphane_app.kitap",
  "pk": 27,
  "fields": {
    "baslik": "İslam Medeniyeti",
    "yazar": 2,
    "kategori": 2,
    "yayin_yili": 1966,
    "isbn": "978-0-591-57366-4"
  }
},
{
  "model": "kutuphane_app.kitap",
  "pk": 28,
  "fields": {
    "baslik": "Tarih ve Toplum",
    "yazar": 19,
    "kategori": 2,
    "yayin_yili": 1940,
    "isbn": "978-0-928434-17-0"
  }
},
{
  "model": "kutuphane_app.kitap",
  "pk": 29,
  "fields": {
    "baslik": "Tarih Boyunca Türkler",
    "yazar": 18,
    "kategori": 2,
    "yayin_yili": 2013,
    "isbn": "978-1-4091-1138-2"
  }
},
{
  "model": "kutuphane_app.kitap",
  "pk": 30,
  "fields": {
    "baslik": "Türkiye Cumhuriyeti Tarihi",
    "yazar": 1,
    "kategori": 2,
    "yayin_yili": 1988,
    "isbn": "978-1-80302-972-6"
  }
},
{
  "model": "kutuphane_app.kitap",
  "pk": 31,
  "fields": {
    "baslik": "Roma Tarihi",
    "yazar": 3,
    "kategori": 2,
    "yayin_yili": 1985,
    "isbn": "978-1-4419-6854-8"
  }
},
{
  "model": "kutuphane_app.kitap",
  "pk": 32,
  "fields": {
    "baslik": "Ortaçağ Avrupası",
    "yazar": 17,
    "kategori": 2,
    "yayin_yili": 2020,
    "isbn": "978-0-474-65087-1"
  }
},
{
  "model": "kutuphane_app.kitap",
  "pk": 33,
  "fields": {
    "baslik": "Fransız Devrimi",
    "yazar": 3,
    "kategori": 2,
    "yayin_yili": 1937,
    "isbn": "978-1-4715-8914-0"
  }
},
{
  "model": "kutuphane_app.kitap",
  "pk": 34,
  "fields": {
    "baslik": "Modern Avrupa Tarihi",
    "yazar": 7,
    "kategori": 2,
    "yayin_yili": 1996,
    "isbn": "978-0-538-53855-8"
  }
},
{
  "model": "kutuphane_app.kitap",
  "pk": 35,
  "fields": {
    "baslik": "Soğuk Savaş",
    "yazar": 9,
    "kategori": 2,
    "yayin_yili": 1938,
    "isbn": "978-1-85277-349-6"
  }
},
{
  "model": "kutuphane_app.kitap",
  "pk": 36,
  "fields": {
    "baslik": "İslam Tarihi",
    "yazar": 14,
    "kategori": 2,
    "yayin_yili": 1940,
    "isbn": "978-0-86656-921-7"
  }
},
{
  "model": "kutuphane_app.kitap",
  "pk": 37,
  "fields": {
    "baslik": "Ortadoğu Tarihi",
    "yazar": 8,
    "kategori": 2,
    "yayin_yili": 1966,
    "isbn": "978-0-18-435825-8"
  }
},
{
  "model": "kutuphane_app.kitap",
  "pk": 38,
  "fields": {
    "baslik": "İpek Yolu",
    "yazar": 3,
    "kategori": 2,
    "yayin_yili": 1986,
    "isbn": "978-1-4274-8785-8"
  }
},
{
  "model": "kutuphane_app.kitap",
  "pk": 39,
  "fields": {
    "baslik": "Osmanlı’da Günlük Hayat",
    "yazar": 20,
    "kategori": 2,
    "yayin_yili": 1973,
    "isbn": "978-0-02-015922-3"
  }
},
{
  "model": "kutuphane_app.kitap",
  "pk": 40,
  "fields": {
    "baslik": "Büyük Selçuklu",
    "yazar": 15,
    "kategori": 2,
    "yayin_yili": 1979,
    "isbn": "978-1-63585-558-6"
  }
},
{
  "model": "kutuphane_app.kitap",
  "pk": 41,
  "fields": {
    "baslik": "Kozmos",
    "yazar": 13,
    "kategori": 3,
    "yayin_yili": 1937,
    "isbn": "978-1-58390-013-0"
  }
},
{
  "model": "kutuphane_app.kitap",
  "pk": 42,
  "fields": {
    "baslik": "Zamanın Kısa Tarihi",
    "yazar": 18,
    "kategori": 3,
    "yayin_yili": 1972,
    "isbn": "978-0-399-06854-6"
  }
},
{
  "model": "kutuphane_app.kitap",
  "pk": 43,
  "fields": {
    "baslik": "Atomun Yapısı",
    "yazar": 5,
    "kategori": 3,
    "yayin_yili": 1975,
    "isbn": "978-0-7748-6960-7"
  }
},
{
  "model": "kutuphane_app.kitap",
  "pk": 44,
  "fields": {
    "baslik": "Büyük Tasarım",
    "yazar": 1,
    "kategori": 3,
    "yayin_yili": 1981,
    "isbn": "978-1-74152-235-8"
  }
},
{
  "model": "kutuphane_app.kitap",
  "pk": 45,
  "fields": {
    "baslik": "Evrim",
    "yazar": 5,
    "kategori": 3,
    "yayin_yili": 1956,
    "isbn": "978-1-172-85343-4"
  }
},
{
  "model": "kutuphane_app.kitap",
  "pk": 46,
  "fields": {
    "baslik": "Kuantum Fiziği",
    "yazar": 20,
    "kategori": 3,
    "yayin_yili": 1958,
    "isbn": "978-0-04-425833-9"
  }
},
{
  "model": "kutuphane_app.kitap",
  "pk": 47,
  "fields": {
    "baslik": "Genetik Bilim",
    "yazar": 9,
    "kategori": 3,
    "yayin_yili": 1935,
    "isbn": "978-1-5123-0834-1"
  }
},
{
  "model": "kutuphane_app.kitap",
  "pk": 48,
  "fields": {
    "baslik": "Kara Delikler",
    "yazar": 12,
    "kategori": 3,
    "yayin_yili": 1953,
    "isbn": "978-0-487-83312-4"
  }
},
{
  "model": "kutuphane_app.kitap",
  "pk": 49,
  "fields": {
    "baslik": "Bilim Tarihi",
    "yazar": 2,
    "kategori": 3,
    "yayin_yili": 1986,
    "isbn": "978-0-10-777391-5"
  }
},
{
  "model": "kutuphane_app.kitap",
  "pk": 50,
  "fields": {
    "baslik": "Felsefe ve Bilim",
    "yazar": 4,
    "kategori": 3,
    "yayin_yili": 1975,
    "isbn": "978-1-65258-754-5"
  }
},
{
  "model": "kutuphane_app.kitap",
  "pk": 51,
  "fields": {
    "baslik": "Matematiğin Tarihi",
    "yazar": 8,
    "kategori": 3,
    "yayin_yili": 1953,
    "isbn": "978-0-05-767939-8"
  }
},
{
  "model": "kutuphane_app.kitap",
  "pk": 52,
  "fields": {
    "baslik": "Kimya Deneyleri",
    "yazar": 17,
    "kategori": 3,
    "yayin_yili": 1938,
    "isbn": "978-1-68536-165-5"
  }
},
{
  "model": "kutuphane_app.kitap",
  "pk": 53,
  "fields": {
    "baslik": "Astronomi Atlası",
    "yazar": 11,
    "kategori": 3,
    "yayin_yili": 1951,
    "isbn": "978-0-19-107547-6"
  }
},
{
  "model": "kutuphane_app.kitap",
  "pk": 54,
  "fields": {
    "baslik": "Bilgisayar Bilimleri",
    "yazar": 20,
    "kategori": 3,
    "yayin_yili": 1996,
    "isbn": "978-1-892606-46-4"
  }
},
{
  "model": "kutuphane_app.kitap",
  "pk": 55,
  "fields": {
    "baslik": "Yapay Zeka",
    "yazar": 19,
    "kategori": 3,
    "yayin_yili": 1980,
    "isbn": "978-0-9584104-8-9"
  }
},
{
  "model": "kutuphane_app.kitap",
  "pk": 56,
  "fields": {
    "baslik": "Nörobilim",
    "yazar": 10,
    "kategori": 3,
    "yayin_yili": 2004,
    "isbn": "978-0-9663501-2-8"
  }
},
{
  "model": "kutuphane_app.kitap",
  "pk": 57,
  "fields": {
    "baslik": "Beyin ve Zihin",
    "yazar": 15,
    "kategori": 3,
    "yayin_yili": 2017,
    "isbn": "978-1-209-91639-2"
  }
},
{
  "model": "kutuphane_app.kitap",
  "pk": 58,
  "fields": {
    "baslik": "Doğa Bilimleri",
    "yazar": 14,
    "kategori": 3,
    "yayin_yili": 1937,
    "isbn": "978-0-488-71742-3"
  }
},
{
  "model": "kutuphane_app.kitap",
  "pk": 59,
  "fields": {
    "baslik": "Enerji Kaynakları",
    "yazar": 2,
    "kategori": 3,
    "yayin_yili": 1965,
    "isbn": "978-1-4491-3680-2"
  }
},
{
  "model": "kutuphane_app.kitap",
  "pk": 60,
  "fields": {
    "baslik": "Fizik İlkeleri",
    "yazar": 6,
    "kategori": 3,
    "yayin_yili": 1931,
    "isbn": "978-0-489-64806-1"
  }
},
{
  "model": "kutuphane_app.kitap",
  "pk": 61,
  "fields": {
    "baslik": "Keloğlan Masalları",
    "yazar": 19,
    "kategori": 4,
    "yayin_yili": 1952,
    "isbn": "978-0-8195-6330-9"
  }
},
{
  "model": "kutuphane_app.kitap",
  "pk": 62,
  "fields": {
    "baslik": "Nasreddin Hoca Fıkraları",
    "yazar": 18,
    "kategori": 4,
    "yayin_yili": 1934,
    "isbn": "978-1-904265-19-1"
  }
},
{
  "model": "kutuphane_app.kitap",
  "pk": 63,
  "fields": {
    "baslik": "La Fontaine Masalları",
    "yazar": 1,
    "kategori": 4,
    "yayin_yili": 1969,
    "isbn": "978-0-611-92278-6"
  }
},
{
  "model": "kutuphane_app.kitap",
  "pk": 64,
  "fields": {
    "baslik": "Andersen Masalları",
    "yazar": 11,
    "kategori": 4,
    "yayin_yili": 2005,
    "isbn": "978-0-248-63695-7"
  }
},
{
  "model": "kutuphane_app.kitap",
  "pk": 65,
  "fields": {
    "baslik": "Pinokyo",
    "yazar": 12,
    "kategori": 4,
    "yayin_yili": 1961,
    "isbn": "978-1-5182-6479-5"
  }
},
{
  "model": "kutuphane_app.kitap",
  "pk": 66,
  "fields": {
    "baslik": "Harry Potter",
    "yazar": 6,
    "kategori": 4,
    "yayin_yili": 1940,
    "isbn": "978-1-262-79852-2"
  }
},
{
  "model": "kutuphane_app.kitap",
  "pk": 67,
  "fields": {
    "baslik": "Alice Harikalar Diyarında",
    "yazar": 7,
    "kategori": 4,
    "yayin_yili": 2000,
    "isbn": "978-0-218-72640-4"
  }
},
{
  "model": "kutuphane_app.kitap",
  "pk": 68,
  "fields": {
    "baslik": "Küçük Prens",
    "yazar": 3,
    "kategori": 4,
    "yayin_yili": 1976,
    "isbn": "978-1-222-99204-5"
  }
},
{
  "model": "kutuphane_app.kitap",
  "pk": 69,
  "fields": {
    "baslik": "Peter Pan",
    "yazar": 17,
    "kategori": 4,
    "yayin_yili": 2017,
    "isbn": "978-0-643-06064-7"
  }
},
{
  "model": "kutuphane_app.kitap",
  "pk": 70,
  "fields": {
    "baslik": "Heidi",
    "yazar": 20,
    "kategori": 4,
    "yayin_yili": 1974,
    "isbn": "978-0-304-63487-3"
  }
},
{
  "model": "kutuphane_app.kitap",
  "pk": 71,
  "fields": {
    "baslik": "Robin Hood",
    "yazar": 6,
    "kategori": 4,
    "yayin_yili": 1983,
    "isbn": "978-0-03-192278-6"
  }
},
{
  "model": "kutuphane_app.kitap",
  "pk": 72,
  "fields": {
    "baslik": "Pamuk Prenses",
    "yazar": 3,
    "kategori": 4,
    "yayin_yili": 1976,
    "isbn": "978-0-13-317299-7"
  }
},
{
  "model": "kutuphane_app.kitap",
  "pk": 73,
  "fields": {
    "baslik": "Çizmeli Kedi",
    "yazar": 3,
    "kategori": 4,
    "yayin_yili": 1988,
    "isbn": "978-0-327-95912-0"
  }
},
{
  "model": "kutuphane_app.kitap",
  "pk": 74,
  "fields": {
    "baslik": "Uyuyan Güzel",
    "yazar": 17,
    "kategori": 4,
    "yayin_yili": 1941,
    "isbn": "978-0-88772-071-0"
  }
},
{
  "model": "kutuphane_app.kitap",
  "pk": 75,
  "fields": {
    "baslik": "Rapunzel",
    "yazar": 12,
    "kategori": 4,
    "yayin_yili": 2011,
    "isbn": "978-0-14-297626-5"
  }
},
{
  "model": "kutuphane_app.kitap",
  "pk": 76,
  "fields": {
    "baslik": "Kırmızı Başlıklı Kız",
    "yazar": 14,
    "kategori": 4,
    "yayin_yili": 1958,
    "isbn": "978-0-17-186507-3"
  }
},
{
  "model": "kutuphane_app.kitap",
  "pk": 77,
  "fields": {
    "baslik": "Hansel ve Gratel",
    "yazar": 7,
    "kategori": 4,
    "yayin_yili": 1972,
    "isbn": "978-0-375-58844-0"
  }
},
{
  "model": "kutuphane_app.kitap",
  "pk": 78,
  "fields": {
    "baslik": "Çocuk Kalbi",
    "yazar": 18,
    "kategori": 4,
    "yayin_yili": 1977,
    "isbn": "978-0-270-45810-7"
  }
},
{
  "model": "kutuphane_app.kitap",
  "pk": 79,
  "fields": {
    "baslik": "Karlar Kraliçesi",
    "yazar": 6,
    "kategori": 4,
    "yayin_yili": 1961,
    "isbn": "978-0-278-33408-3"
  }
},
{
  "model": "kutuphane_app.kitap",
  "pk": 80,
  "fields": {
    "baslik": "Define Adası",
    "yazar": 2,
    "kategori": 4,
    "yayin_yili": 1970,
    "isbn": "978-1-4681-3268-7"
  }
},
{
  "model": "kutuphane_app.kitapnusha",
  "pk": 1,
  "fields": {
    "kitap": 1,
    "barkod": "KIT00001",
    "durum": "mevcut",
    "raf_kodu": "R30"
  }
},
{
  "model": "kutuphane_app.kitapnusha",
  "pk": 2,
  "fields": {
    "kitap": 1,
    "barkod": "KIT00002",
    "durum": "mevcut",
    "raf_kodu": "R49"
  }
},
{
  "model": "kutuphane_app.kitapnusha",
  "pk": 3,
  "fields": {
    "kitap": 1,
    "barkod": "KIT00003",
    "durum": "mevcut",
    "raf_kodu": "R43"
  }
},
{
  "model": "kutuphane_app.kitapnusha",
  "pk": 4,
  "fields": {
    "kitap": 2,
    "barkod": "KIT00004",
    "durum": "mevcut",
    "raf_kodu": "R33"
  }
},
{
  "model": "kutuphane_app.kitapnusha",
  "pk": 5,
  "fields": {
    "kitap": 2,
    "barkod": "KIT00005",
    "durum": "mevcut",
    "raf_kodu": "R10"
  }
},
{
  "model": "kutuphane_app.kitapnusha",
  "pk": 6,
  "fields": {
    "kitap": 3,
    "barkod": "KIT00006",
    "durum": "mevcut",
    "raf_kodu": "R39"
  }
},
{
  "model": "kutuphane_app.kitapnusha",
  "pk": 7,
  "fields": {
    "kitap": 4,
    "barkod": "KIT00007",
    "durum": "mevcut",
    "raf_kodu": "R6"
  }
},
{
  "model": "kutuphane_app.kitapnusha",
  "pk": 8,
  "fields": {
    "kitap": 4,
    "barkod": "KIT00008",
    "durum": "mevcut",
    "raf_kodu": "R21"
  }
},
{
  "model": "kutuphane_app.kitapnusha",
  "pk": 9,
  "fields": {
    "kitap": 4,
    "barkod": "KIT00009",
    "durum": "mevcut",
    "raf_kodu": "R9"
  }
},
{
  "model": "kutuphane_app.kitapnusha",
  "pk": 10,
  "fields": {
    "kitap": 4,
    "barkod": "KIT00010",
    "durum": "mevcut",
    "raf_kodu": "R35"
  }
},
{
  "model": "kutuphane_app.kitapnusha",
  "pk": 11,
  "fields": {
    "kitap": 5,
    "barkod": "KIT00011",
    "durum": "mevcut",
    "raf_kodu": "R17"
  }
},
{
  "model": "kutuphane_app.kitapnusha",
  "pk": 12,
  "fields": {
    "kitap": 6,
    "barkod": "KIT00012",
    "durum": "mevcut",
    "raf_kodu": "R43"
  }
},
{
  "model": "kutuphane_app.kitapnusha",
  "pk": 13,
  "fields": {
    "kitap": 6,
    "barkod": "KIT00013",
    "durum": "mevcut",
    "raf_kodu": "R2"
  }
},
{
  "model": "kutuphane_app.kitapnusha",
  "pk": 14,
  "fields": {
    "kitap": 6,
    "barkod": "KIT00014",
    "durum": "mevcut",
    "raf_kodu": "R4"
  }
},
{
  "model": "kutuphane_app.kitapnusha",
  "pk": 15,
  "fields": {
    "kitap": 6,
    "barkod": "KIT00015",
    "durum": "mevcut",
    "raf_kodu": "R22"
  }
},
{
  "model": "kutuphane_app.kitapnusha",
  "pk": 16,
  "fields": {
    "kitap": 7,
    "barkod": "KIT00016",
    "durum": "mevcut",
    "raf_kodu": "R32"
  }
},
{
  "model": "kutuphane_app.kitapnusha",
  "pk": 17,
  "fields": {
    "kitap": 8,
    "barkod": "KIT00017",
    "durum": "mevcut",
    "raf_kodu": "R23"
  }
},
{
  "model": "kutuphane_app.kitapnusha",
  "pk": 18,
  "fields": {
    "kitap": 8,
    "barkod": "KIT00018",
    "durum": "mevcut",
    "raf_kodu": "R6"
  }
},
{
  "model": "kutuphane_app.kitapnusha",
  "pk": 19,
  "fields": {
    "kitap": 8,
    "barkod": "KIT00019",
    "durum": "mevcut",
    "raf_kodu": "R28"
  }
},
{
  "model": "kutuphane_app.kitapnusha",
  "pk": 20,
  "fields": {
    "kitap": 8,
    "barkod": "KIT00020",
    "durum": "mevcut",
    "raf_kodu": "R39"
  }
},
{
  "model": "kutuphane_app.kitapnusha",
  "pk": 21,
  "fields": {
    "kitap": 9,
    "barkod": "KIT00021",
    "durum": "mevcut",
    "raf_kodu": "R8"
  }
},
{
  "model": "kutuphane_app.kitapnusha",
  "pk": 22,
  "fields": {
    "kitap": 10,
    "barkod": "KIT00022",
    "durum": "mevcut",
    "raf_kodu": "R9"
  }
},
{
  "model": "kutuphane_app.kitapnusha",
  "pk": 23,
  "fields": {
    "kitap": 10,
    "barkod": "KIT00023",
    "durum": "mevcut",
    "raf_kodu": "R2"
  }
},
{
  "model": "kutuphane_app.kitapnusha",
  "pk": 24,
  "fields": {
    "kitap": 11,
    "barkod": "KIT00024",
    "durum": "mevcut",
    "raf_kodu": "R20"
  }
},
{
  "model": "kutuphane_app.kitapnusha",
  "pk": 25,
  "fields": {
    "kitap": 11,
    "barkod": "KIT00025",
    "durum": "mevcut",
    "raf_kodu": "R5"
  }
},
{
  "model": "kutuphane_app.kitapnusha",
  "pk": 26,
  "fields": {
    "kitap": 11,
    "barkod": "KIT00026",
    "durum": "mevcut",
    "raf_kodu": "R46"
  }
},
{
  "model": "kutuphane_app.kitapnusha",
  "pk": 27,
  "fields": {
    "kitap": 12,
    "barkod": "KIT00027",
    "durum": "mevcut",
    "raf_kodu": "R24"
  }
},
{
  "model": "kutuphane_app.kitapnusha",
  "pk": 28,
  "fields": {
    "kitap": 12,
    "barkod": "KIT00028",
    "durum": "mevcut",
    "raf_kodu": "R30"
  }
},
{
  "model": "kutuphane_app.kitapnusha",
  "pk": 29,
  "fields": {
    "kitap": 12,
    "barkod": "KIT00029",
    "durum": "mevcut",
    "raf_kodu": "R13"
  }
},
{
  "model": "kutuphane_app.kitapnusha",
  "pk": 30,
  "fields": {
    "kitap": 13,
    "barkod": "KIT00030",
    "durum": "mevcut",
    "raf_kodu": "R14"
  }
},
{
  "model": "kutuphane_app.kitapnusha",
  "pk": 31,
  "fields": {
    "kitap": 14,
    "barkod": "KIT00031",
    "durum": "mevcut",
    "raf_kodu": "R17"
  }
},
{
  "model": "kutuphane_app.kitapnusha",
  "pk": 32,
  "fields": {
    "kitap": 14,
    "barkod": "KIT00032",
    "durum": "mevcut",
    "raf_kodu": "R42"
  }
},
{
  "model": "kutuphane_app.kitapnusha",
  "pk": 33,
  "fields": {
    "kitap": 14,
    "barkod": "KIT00033",
    "durum": "mevcut",
    "raf_kodu": "R3"
  }
},
{
  "model": "kutuphane_app.kitapnusha",
  "pk": 34,
  "fields": {
    "kitap": 14,
    "barkod": "KIT00034",
    "durum": "mevcut",
    "raf_kodu": "R49"
  }
},
{
  "model": "kutuphane_app.kitapnusha",
  "pk": 35,
  "fields": {
    "kitap": 15,
    "barkod": "KIT00035",
    "durum": "mevcut",
    "raf_kodu": "R24"
  }
},
{
  "model": "kutuphane_app.kitapnusha",
  "pk": 36,
  "fields": {
    "kitap": 15,
    "barkod": "KIT00036",
    "durum": "mevcut",
    "raf_kodu": "R31"
  }
},
{
  "model": "kutuphane_app.kitapnusha",
  "pk": 37,
  "fields": {
    "kitap": 15,
    "barkod": "KIT00037",
    "durum": "mevcut",
    "raf_kodu": "R31"
  }
},
{
  "model": "kutuphane_app.kitapnusha",
  "pk": 38,
  "fields": {
    "kitap": 16,
    "barkod": "KIT00038",
    "durum": "mevcut",
    "raf_kodu": "R21"
  }
},
{
  "model": "kutuphane_app.kitapnusha",
  "pk": 39,
  "fields": {
    "kitap": 16,
    "barkod": "KIT00039",
    "durum": "mevcut",
    "raf_kodu": "R9"
  }
},
{
  "model": "kutuphane_app.kitapnusha",
  "pk": 40,
  "fields": {
    "kitap": 17,
    "barkod": "KIT00040",
    "durum": "mevcut",
    "raf_kodu": "R46"
  }
},
{
  "model": "kutuphane_app.kitapnusha",
  "pk": 41,
  "fields": {
    "kitap": 17,
    "barkod": "KIT00041",
    "durum": "mevcut",
    "raf_kodu": "R32"
  }
},
{
  "model": "kutuphane_app.kitapnusha",
  "pk": 42,
  "fields": {
    "kitap": 17,
    "barkod": "KIT00042",
    "durum": "mevcut",
    "raf_kodu": "R49"
  }
},
{
  "model": "kutuphane_app.kitapnusha",
  "pk": 43,
  "fields": {
    "kitap": 18,
    "barkod": "KIT00043",
    "durum": "mevcut",
    "raf_kodu": "R50"
  }
},
{
  "model": "kutuphane_app.kitapnusha",
  "pk": 44,
  "fields": {
    "kitap": 19,
    "barkod": "KIT00044",
    "durum": "mevcut",
    "raf_kodu": "R46"
  }
},
{
  "model": "kutuphane_app.kitapnusha",
  "pk": 45,
  "fields": {
    "kitap": 19,
    "barkod": "KIT00045",
    "durum": "mevcut",
    "raf_kodu": "R39"
  }
},
{
  "model": "kutuphane_app.kitapnusha",
  "pk": 46,
  "fields": {
    "kitap": 19,
    "barkod": "KIT00046",
    "durum": "mevcut",
    "raf_kodu": "R19"
  }
},
{
  "model": "kutuphane_app.kitapnusha",
  "pk": 47,
  "fields": {
    "kitap": 20,
    "barkod": "KIT00047",
    "durum": "mevcut",
    "raf_kodu": "R11"
  }
},
{
  "model": "kutuphane_app.kitapnusha",
  "pk": 48,
  "fields": {
    "kitap": 21,
    "barkod": "KIT00048",
    "durum": "mevcut",
    "raf_kodu": "R13"
  }
},
{
  "model": "kutuphane_app.kitapnusha",
  "pk": 49,
  "fields": {
    "kitap": 21,
    "barkod": "KIT00049",
    "durum": "mevcut",
    "raf_kodu": "R8"
  }
},
{
  "model": "kutuphane_app.kitapnusha",
  "pk": 50,
  "fields": {
    "kitap": 21,
    "barkod": "KIT00050",
    "durum": "mevcut",
    "raf_kodu": "R37"
  }
},
{
  "model": "kutuphane_app.kitapnusha",
  "pk": 51,
  "fields": {
    "kitap": 22,
    "barkod": "KIT00051",
    "durum": "mevcut",
    "raf_kodu": "R23"
  }
},
{
  "model": "kutuphane_app.kitapnusha",
  "pk": 52,
  "fields": {
    "kitap": 23,
    "barkod": "KIT00052",
    "durum": "mevcut",
    "raf_kodu": "R12"
  }
},
{
  "model": "kutuphane_app.kitapnusha",
  "pk": 53,
  "fields": {
    "kitap": 23,
    "barkod": "KIT00053",
    "durum": "mevcut",
    "raf_kodu": "R28"
  }
},
{
  "model": "kutuphane_app.kitapnusha",
  "pk": 54,
  "fields": {
    "kitap": 23,
    "barkod": "KIT00054",
    "durum": "mevcut",
    "raf_kodu": "R30"
  }
},
{
  "model": "kutuphane_app.kitapnusha",
  "pk": 55,
  "fields": {
    "kitap": 24,
    "barkod": "KIT00055",
    "durum": "mevcut",
    "raf_kodu": "R16"
  }
},
{
  "model": "kutuphane_app.kitapnusha",
  "pk": 56,
  "fields": {
    "kitap": 24,
    "barkod": "KIT00056",
    "durum": "mevcut",
    "raf_kodu": "R19"
  }
},
{
  "model": "kutuphane_app.kitapnusha",
  "pk": 57,
  "fields": {
    "kitap": 25,
    "barkod": "KIT00057",
    "durum": "mevcut",
    "raf_kodu": "R44"
  }
},
{
  "model": "kutuphane_app.kitapnusha",
  "pk": 58,
  "fields": {
    "kitap": 25,
    "barkod": "KIT00058",
    "durum": "mevcut",
    "raf_kodu": "R4"
  }
},
{
  "model": "kutuphane_app.kitapnusha",
  "pk": 59,
  "fields": {
    "kitap": 25,
    "barkod": "KIT00059",
    "durum": "mevcut",
    "raf_kodu": "R17"
  }
},
{
  "model": "kutuphane_app.kitapnusha",
  "pk": 60,
  "fields": {
    "kitap": 26,
    "barkod": "KIT00060",
    "durum": "mevcut",
    "raf_kodu": "R21"
  }
},
{
  "model": "kutuphane_app.kitapnusha",
  "pk": 61,
  "fields": {
    "kitap": 26,
    "barkod": "KIT00061",
    "durum": "mevcut",
    "raf_kodu": "R49"
  }
},
{
  "model": "kutuphane_app.kitapnusha",
  "pk": 62,
  "fields": {
    "kitap": 26,
    "barkod": "KIT00062",
    "durum": "mevcut",
    "raf_kodu": "R22"
  }
},
{
  "model": "kutuphane_app.kitapnusha",
  "pk": 63,
  "fields": {
    "kitap": 27,
    "barkod": "KIT00063",
    "durum": "mevcut",
    "raf_kodu": "R4"
  }
},
{
  "model": "kutuphane_app.kitapnusha",
  "pk": 64,
  "fields": {
    "kitap": 27,
    "barkod": "KIT00064",
    "durum": "mevcut",
    "raf_kodu": "R49"
  }
},
{
  "model": "kutuphane_app.kitapnusha",
  "pk": 65,
  "fields": {
    "kitap": 28,
    "barkod": "KIT00065",
    "durum": "mevcut",
    "raf_kodu": "R29"
  }
},
{
  "model": "kutuphane_app.kitapnusha",
  "pk": 66,
  "fields": {
    "kitap": 28,
    "barkod": "KIT00066",
    "durum": "mevcut",
    "raf_kodu": "R14"
  }
},
{
  "model": "kutuphane_app.kitapnusha",
  "pk": 67,
  "fields": {
    "kitap": 29,
    "barkod": "KIT00067",
    "durum": "mevcut",
    "raf_kodu": "R29"
  }
},
{
  "model": "kutuphane_app.kitapnusha",
  "pk": 68,
  "fields": {
    "kitap": 29,
    "barkod": "KIT00068",
    "durum": "mevcut",
    "raf_kodu": "R50"
  }
},
{
  "model": "kutuphane_app.kitapnusha",
  "pk": 69,
  "fields": {
    "kitap": 29,
    "barkod": "KIT00069",
    "durum": "mevcut",
    "raf_kodu": "R14"
  }
},
{
  "model": "kutuphane_app.kitapnusha",
  "pk": 70,
  "fields": {
    "kitap": 29,
    "barkod": "KIT00070",
    "durum": "mevcut",
    "raf_kodu": "R48"
  }
},
{
  "model": "kutuphane_app.kitapnusha",
  "pk": 71,
  "fields": {
    "kitap": 30,
    "barkod": "KIT00071",
    "durum": "mevcut",
    "raf_kodu": "R21"
  }
},
{
  "model": "kutuphane_app.kitapnusha",
  "pk": 72,
  "fields": {
    "kitap": 30,
    "barkod": "KIT00072",
    "durum": "mevcut",
    "raf_kodu": "R45"
  }
},
{
  "model": "kutuphane_app.kitapnusha",
  "pk": 73,
  "fields": {
    "kitap": 31,
    "barkod": "KIT00073",
    "durum": "mevcut",
    "raf_kodu": "R3"
  }
},
{
  "model": "kutuphane_app.kitapnusha",
  "pk": 74,
  "fields": {
    "kitap": 31,
    "barkod": "KIT00074",
    "durum": "mevcut",
    "raf_kodu": "R25"
  }
},
{
  "model": "kutuphane_app.kitapnusha",
  "pk": 75,
  "fields": {
    "kitap": 31,
    "barkod": "KIT00075",
    "durum": "mevcut",
    "raf_kodu": "R47"
  }
},
{
  "model": "kutuphane_app.kitapnusha",
  "pk": 76,
  "fields": {
    "kitap": 32,
    "barkod": "KIT00076",
    "durum": "mevcut",
    "raf_kodu": "R1"
  }
},
{
  "model": "kutuphane_app.kitapnusha",
  "pk": 77,
  "fields": {
    "kitap": 33,
    "barkod": "KIT00077",
    "durum": "mevcut",
    "raf_kodu": "R36"
  }
},
{
  "model": "kutuphane_app.kitapnusha",
  "pk": 78,
  "fields": {
    "kitap": 33,
    "barkod": "KIT00078",
    "durum": "mevcut",
    "raf_kodu": "R35"
  }
},
{
  "model": "kutuphane_app.kitapnusha",
  "pk": 79,
  "fields": {
    "kitap": 33,
    "barkod": "KIT00079",
    "durum": "mevcut",
    "raf_kodu": "R36"
  }
},
{
  "model": "kutuphane_app.kitapnusha",
  "pk": 80,
  "fields": {
    "kitap": 33,
    "barkod": "KIT00080",
    "durum": "mevcut",
    "raf_kodu": "R28"
  }
},
{
  "model": "kutuphane_app.kitapnusha",
  "pk": 81,
  "fields": {
    "kitap": 34,
    "barkod": "KIT00081",
    "durum": "mevcut",
    "raf_kodu": "R36"
  }
},
{
  "model": "kutuphane_app.kitapnusha",
  "pk": 82,
  "fields": {
    "kitap": 34,
    "barkod": "KIT00082",
    "durum": "mevcut",
    "raf_kodu": "R14"
  }
},
{
  "model": "kutuphane_app.kitapnusha",
  "pk": 83,
  "fields": {
    "kitap": 34,
    "barkod": "KIT00083",
    "durum": "mevcut",
    "raf_kodu": "R12"
  }
},
{
  "model": "kutuphane_app.kitapnusha",
  "pk": 84,
  "fields": {
    "kitap": 35,
    "barkod": "KIT00084",
    "durum": "mevcut",
    "raf_kodu": "R1"
  }
},
{
  "model": "kutuphane_app.kitapnusha",
  "pk": 85,
  "fields": {
    "kitap": 36,
    "barkod": "KIT00085",
    "durum": "mevcut",
    "raf_kodu": "R41"
  }
},
{
  "model": "kutuphane_app.kitapnusha",
  "pk": 86,
  "fields": {
    "kitap": 37,
    "barkod": "KIT00086",
    "durum": "mevcut",
    "raf_kodu": "R6"
  }
},
{
  "model": "kutuphane_app.kitapnusha",
  "pk": 87,
  "fields": {
    "kitap": 37,
    "barkod": "KIT00087",
    "durum": "mevcut",
    "raf_kodu": "R48"
  }
},
{
  "model": "kutuphane_app.kitapnusha",
  "pk": 88,
  "fields": {
    "kitap": 37,
    "barkod": "KIT00088",
    "durum": "mevcut",
    "raf_kodu": "R28"
  }
},
{
  "model": "kutuphane_app.kitapnusha",
  "pk": 89,
  "fields": {
    "kitap": 37,
    "barkod": "KIT00089",
    "durum": "mevcut",
    "raf_kodu": "R29"
  }
},
{
  "model": "kutuphane_app.kitapnusha",
  "pk": 90,
  "fields": {
    "kitap": 38,
    "barkod": "KIT00090",
    "durum": "mevcut",
    "raf_kodu": "R22"
  }
},
{
  "model": "kutuphane_app.kitapnusha",
  "pk": 91,
  "fields": {
    "kitap": 38,
    "barkod": "KIT00091",
    "durum": "mevcut",
    "raf_kodu": "R11"
  }
},
{
  "model": "kutuphane_app.kitapnusha",
  "pk": 92,
  "fields": {
    "kitap": 38,
    "barkod": "KIT00092",
    "durum": "mevcut",
    "raf_kodu": "R49"
  }
},
{
  "model": "kutuphane_app.kitapnusha",
  "pk": 93,
  "fields": {
    "kitap": 39,
    "barkod": "KIT00093",
    "durum": "mevcut",
    "raf_kodu": "R48"
  }
},
{
  "model": "kutuphane_app.kitapnusha",
  "pk": 94,
  "fields": {
    "kitap": 39,
    "barkod": "KIT00094",
    "durum": "mevcut",
    "raf_kodu": "R25"
  }
},
{
  "model": "kutuphane_app.kitapnusha",
  "pk": 95,
  "fields": {
    "kitap": 39,
    "barkod": "KIT00095",
    "durum": "mevcut",
    "raf_kodu": "R21"
  }
},
{
  "model": "kutuphane_app.kitapnusha",
  "pk": 96,
  "fields": {
    "kitap": 40,
    "barkod": "KIT00096",
    "durum": "mevcut",
    "raf_kodu": "R47"
  }
},
{
  "model": "kutuphane_app.kitapnusha",
  "pk": 97,
  "fields": {
    "kitap": 41,
    "barkod": "KIT00097",
    "durum": "mevcut",
    "raf_kodu": "R34"
  }
},
{
  "model": "kutuphane_app.kitapnusha",
  "pk": 98,
  "fields": {
    "kitap": 41,
    "barkod": "KIT00098",
    "durum": "mevcut",
    "raf_kodu": "R39"
  }
},
{
  "model": "kutuphane_app.kitapnusha",
  "pk": 99,
  "fields": {
    "kitap": 41,
    "barkod": "KIT00099",
    "durum": "mevcut",
    "raf_kodu": "R43"
  }
},
{
  "model": "kutuphane_app.kitapnusha",
  "pk": 100,
  "fields": {
    "kitap": 42,
    "barkod": "KIT00100",
    "durum": "mevcut",
    "raf_kodu": "R28"
  }
},
{
  "model": "kutuphane_app.kitapnusha",
  "pk": 101,
  "fields": {
    "kitap": 42,
    "barkod": "KIT00101",
    "durum": "mevcut",
    "raf_kodu": "R48"
  }
},
{
  "model": "kutuphane_app.kitapnusha",
  "pk": 102,
  "fields": {
    "kitap": 42,
    "barkod": "KIT00102",
    "durum": "mevcut",
    "raf_kodu": "R14"
  }
},
{
  "model": "kutuphane_app.kitapnusha",
  "pk": 103,
  "fields": {
    "kitap": 43,
    "barkod": "KIT00103",
    "durum": "mevcut",
    "raf_kodu": "R10"
  }
},
{
  "model": "kutuphane_app.kitapnusha",
  "pk": 104,
  "fields": {
    "kitap": 44,
    "barkod": "KIT00104",
    "durum": "mevcut",
    "raf_kodu": "R19"
  }
},
{
  "model": "kutuphane_app.kitapnusha",
  "pk": 105,
  "fields": {
    "kitap": 44,
    "barkod": "KIT00105",
    "durum": "mevcut",
    "raf_kodu": "R37"
  }
},
{
  "model": "kutuphane_app.kitapnusha",
  "pk": 106,
  "fields": {
    "kitap": 44,
    "barkod": "KIT00106",
    "durum": "mevcut",
    "raf_kodu": "R19"
  }
},
{
  "model": "kutuphane_app.kitapnusha",
  "pk": 107,
  "fields": {
    "kitap": 44,
    "barkod": "KIT00107",
    "durum": "mevcut",
    "raf_kodu": "R20"
  }
},
{
  "model": "kutuphane_app.kitapnusha",
  "pk": 108,
  "fields": {
    "kitap": 45,
    "barkod": "KIT00108",
    "durum": "mevcut",
    "raf_kodu": "R7"
  }
},
{
  "model": "kutuphane_app.kitapnusha",
  "pk": 109,
  "fields": {
    "kitap": 46,
    "barkod": "KIT00109",
    "durum": "mevcut",
    "raf_kodu": "R15"
  }
},
{
  "model": "kutuphane_app.kitapnusha",
  "pk": 110,
  "fields": {
    "kitap": 46,
    "barkod": "KIT00110",
    "durum": "mevcut",
    "raf_kodu": "R32"
  }
},
{
  "model": "kutuphane_app.kitapnusha",
  "pk": 111,
  "fields": {
    "kitap": 46,
    "barkod": "KIT00111",
    "durum": "mevcut",
    "raf_kodu": "R19"
  }
},
{
  "model": "kutuphane_app.kitapnusha",
  "pk": 112,
  "fields": {
    "kitap": 47,
    "barkod": "KIT00112",
    "durum": "mevcut",
    "raf_kodu": "R29"
  }
},
{
  "model": "kutuphane_app.kitapnusha",
  "pk": 113,
  "fields": {
    "kitap": 48,
    "barkod": "KIT00113",
    "durum": "mevcut",
    "raf_kodu": "R6"
  }
},
{
  "model": "kutuphane_app.kitapnusha",
  "pk": 114,
  "fields": {
    "kitap": 48,
    "barkod": "KIT00114",
    "durum": "mevcut",
    "raf_kodu": "R18"
  }
},
{
  "model": "kutuphane_app.kitapnusha",
  "pk": 115,
  "fields": {
    "kitap": 49,
    "barkod": "KIT00115",
    "durum": "mevcut",
    "raf_kodu": "R21"
  }
},
{
  "model": "kutuphane_app.kitapnusha",
  "pk": 116,
  "fields": {
    "kitap": 49,
    "barkod": "KIT00116",
    "durum": "mevcut",
    "raf_kodu": "R45"
  }
},
{
  "model": "kutuphane_app.kitapnusha",
  "pk": 117,
  "fields": {
    "kitap": 50,
    "barkod": "KIT00117",
    "durum": "mevcut",
    "raf_kodu": "R19"
  }
},
{
  "model": "kutuphane_app.kitapnusha",
  "pk": 118,
  "fields": {
    "kitap": 51,
    "barkod": "KIT00118",
    "durum": "mevcut",
    "raf_kodu": "R39"
  }
},
{
  "model": "kutuphane_app.kitapnusha",
  "pk": 119,
  "fields": {
    "kitap": 51,
    "barkod": "KIT00119",
    "durum": "mevcut",
    "raf_kodu": "R22"
  }
},
{
  "model": "kutuphane_app.kitapnusha",
  "pk": 120,
  "fields": {
    "kitap": 51,
    "barkod": "KIT00120",
    "durum": "mevcut",
    "raf_kodu": "R45"
  }
},
{
  "model": "kutuphane_app.kitapnusha",
  "pk": 121,
  "fields": {
    "kitap": 51,
    "barkod": "KIT00121",
    "durum": "mevcut",
    "raf_kodu": "R34"
  }
},
{
  "model": "kutuphane_app.kitapnusha",
  "pk": 122,
  "fields": {
    "kitap": 52,
    "barkod": "KIT00122",
    "durum": "mevcut",
    "raf_kodu": "R13"
  }
},
{
  "model": "kutuphane_app.kitapnusha",
  "pk": 123,
  "fields": {
    "kitap": 53,
    "barkod": "KIT00123",
    "durum": "mevcut",
    "raf_kodu": "R12"
  }
},
{
  "model": "kutuphane_app.kitapnusha",
  "pk": 124,
  "fields": {
    "kitap": 54,
    "barkod": "KIT00124",
    "durum": "mevcut",
    "raf_kodu": "R8"
  }
},
{
  "model": "kutuphane_app.kitapnusha",
  "pk": 125,
  "fields": {
    "kitap": 54,
    "barkod": "KIT00125",
    "durum": "mevcut",
    "raf_kodu": "R20"
  }
},
{
  "model": "kutuphane_app.kitapnusha",
  "pk": 126,
  "fields": {
    "kitap": 54,
    "barkod": "KIT00126",
    "durum": "mevcut",
    "raf_kodu": "R39"
  }
},
{
  "model": "kutuphane_app.kitapnusha",
  "pk": 127,
  "fields": {
    "kitap": 55,
    "barkod": "KIT00127",
    "durum": "mevcut",
    "raf_kodu": "R18"
  }
},
{
  "model": "kutuphane_app.kitapnusha",
  "pk": 128,
  "fields": {
    "kitap": 55,
    "barkod": "KIT00128",
    "durum": "mevcut",
    "raf_kodu": "R28"
  }
},
{
  "model": "kutuphane_app.kitapnusha",
  "pk": 129,
  "fields": {
    "kitap": 56,
    "barkod": "KIT00129",
    "durum": "mevcut",
    "raf_kodu": "R30"
  }
},
{
  "model": "kutuphane_app.kitapnusha",
  "pk": 130,
  "fields": {
    "kitap": 57,
    "barkod": "KIT00130",
    "durum": "mevcut",
    "raf_kodu": "R9"
  }
},
{
  "model": "kutuphane_app.kitapnusha",
  "pk": 131,
  "fields": {
    "kitap": 57,
    "barkod": "KIT00131",
    "durum": "mevcut",
    "raf_kodu": "R33"
  }
},
{
  "model": "kutuphane_app.kitapnusha",
  "pk": 132,
  "fields": {
    "kitap": 57,
    "barkod": "KIT00132",
    "durum": "mevcut",
    "raf_kodu": "R11"
  }
},
{
  "model": "kutuphane_app.kitapnusha",
  "pk": 133,
  "fields": {
    "kitap": 57,
    "barkod": "KIT00133",
    "durum": "mevcut",
    "raf_kodu": "R5"
  }
},
{
  "model": "kutuphane_app.kitapnusha",
  "pk": 134,
  "fields": {
    "kitap": 58,
    "barkod": "KIT00134",
    "durum": "mevcut",
    "raf_kodu": "R43"
  }
},
{
  "model": "kutuphane_app.kitapnusha",
  "pk": 135,
  "fields": {
    "kitap": 58,
    "barkod": "KIT00135",
    "durum": "mevcut",
    "raf_kodu": "R18"
  }
},
{
  "model": "kutuphane_app.kitapnusha",
  "pk": 136,
  "fields": {
    "kitap": 59,
    "barkod": "KIT00136",
    "durum": "mevcut",
    "raf_kodu": "R11"
  }
},
{
  "model": "kutuphane_app.kitapnusha",
  "pk": 137,
  "fields": {
    "kitap": 59,
    "barkod": "KIT00137",
    "durum": "mevcut",
    "raf_kodu": "R18"
  }
},
{
  "model": "kutuphane_app.kitapnusha",
  "pk": 138,
  "fields": {
    "kitap": 59,
    "barkod": "KIT00138",
    "durum": "mevcut",
    "raf_kodu": "R37"
  }
},
{
  "model": "kutuphane_app.kitapnusha",
  "pk": 139,
  "fields": {
    "kitap": 59,
    "barkod": "KIT00139",
    "durum": "mevcut",
    "raf_kodu": "R42"
  }
},
{
  "model": "kutuphane_app.kitapnusha",
  "pk": 140,
  "fields": {
    "kitap": 60,
    "barkod": "KIT00140",
    "durum": "mevcut",
    "raf_kodu": "R18"
  }
},
{
  "model": "kutuphane_app.kitapnusha",
  "pk": 141,
  "fields": {
    "kitap": 61,
    "barkod": "KIT00141",
    "durum": "mevcut",
    "raf_kodu": "R17"
  }
},
{
  "model": "kutuphane_app.kitapnusha",
  "pk": 142,
  "fields": {
    "kitap": 61,
    "barkod": "KIT00142",
    "durum": "mevcut",
    "raf_kodu": "R46"
  }
},
{
  "model": "kutuphane_app.kitapnusha",
  "pk": 143,
  "fields": {
    "kitap": 61,
    "barkod": "KIT00143",
    "durum": "mevcut",
    "raf_kodu": "R17"
  }
},
{
  "model": "kutuphane_app.kitapnusha",
  "pk": 144,
  "fields": {
    "kitap": 62,
    "barkod": "KIT00144",
    "durum": "mevcut",
    "raf_kodu": "R19"
  }
},
{
  "model": "kutuphane_app.kitapnusha",
  "pk": 145,
  "fields": {
    "kitap": 62,
    "barkod": "KIT00145",
    "durum": "mevcut",
    "raf_kodu": "R2"
  }
},
{
  "model": "kutuphane_app.kitapnusha",
  "pk": 146,
  "fields": {
    "kitap": 63,
    "barkod": "KIT00146",
    "durum": "mevcut",
    "raf_kodu": "R27"
  }
},
{
  "model": "kutuphane_app.kitapnusha",
  "pk": 147,
  "fields": {
    "kitap": 64,
    "barkod": "KIT00147",
    "durum": "mevcut",
    "raf_kodu": "R34"
  }
},
{
  "model": "kutuphane_app.kitapnusha",
  "pk": 148,
  "fields": {
    "kitap": 64,
    "barkod": "KIT00148",
    "durum": "mevcut",
    "raf_kodu": "R5"
  }
},
{
  "model": "kutuphane_app.kitapnusha",
  "pk": 149,
  "fields": {
    "kitap": 64,
    "barkod": "KIT00149",
    "durum": "mevcut",
    "raf_kodu": "R5"
  }
},
{
  "model": "kutuphane_app.kitapnusha",
  "pk": 150,
  "fields": {
    "kitap": 64,
    "barkod": "KIT00150",
    "durum": "mevcut",
    "raf_kodu": "R44"
  }
},
{
  "model": "kutuphane_app.kitapnusha",
  "pk": 151,
  "fields": {
    "kitap": 65,
    "barkod": "KIT00151",
    "durum": "mevcut",
    "raf_kodu": "R16"
  }
},
{
  "model": "kutuphane_app.kitapnusha",
  "pk": 152,
  "fields": {
    "kitap": 66,
    "barkod": "KIT00152",
    "durum": "mevcut",
    "raf_kodu": "R49"
  }
},
{
  "model": "kutuphane_app.kitapnusha",
  "pk": 153,
  "fields": {
    "kitap": 66,
    "barkod": "KIT00153",
    "durum": "mevcut",
    "raf_kodu": "R12"
  }
},
{
  "model": "kutuphane_app.kitapnusha",
  "pk": 154,
  "fields": {
    "kitap": 67,
    "barkod": "KIT00154",
    "durum": "mevcut",
    "raf_kodu": "R5"
  }
},
{
  "model": "kutuphane_app.kitapnusha",
  "pk": 155,
  "fields": {
    "kitap": 67,
    "barkod": "KIT00155",
    "durum": "mevcut",
    "raf_kodu": "R43"
  }
},
{
  "model": "kutuphane_app.kitapnusha",
  "pk": 156,
  "fields": {
    "kitap": 68,
    "barkod": "KIT00156",
    "durum": "mevcut",
    "raf_kodu": "R12"
  }
},
{
  "model": "kutuphane_app.kitapnusha",
  "pk": 157,
  "fields": {
    "kitap": 69,
    "barkod": "KIT00157",
    "durum": "mevcut",
    "raf_kodu": "R4"
  }
},
{
  "model": "kutuphane_app.kitapnusha",
  "pk": 158,
  "fields": {
    "kitap": 69,
    "barkod": "KIT00158",
    "durum": "mevcut",
    "raf_kodu": "R5"
  }
},
{
  "model": "kutuphane_app.kitapnusha",
  "pk": 159,
  "fields": {
    "kitap": 69,
    "barkod": "KIT00159",
    "durum": "mevcut",
    "raf_kodu": "R37"
  }
},
{
  "model": "kutuphane_app.kitapnusha",
  "pk": 160,
  "fields": {
    "kitap": 69,
    "barkod": "KIT00160",
    "durum": "mevcut",
    "raf_kodu": "R32"
  }
},
{
  "model": "kutuphane_app.kitapnusha",
  "pk": 161,
  "fields": {
    "kitap": 70,
    "barkod": "KIT00161",
    "durum": "mevcut",
    "raf_kodu": "R40"
  }
},
{
  "model": "kutuphane_app.kitapnusha",
  "pk": 162,
  "fields": {
    "kitap": 71,
    "barkod": "KIT00162",
    "durum": "mevcut",
    "raf_kodu": "R41"
  }
},
{
  "model": "kutuphane_app.kitapnusha",
  "pk": 163,
  "fields": {
    "kitap": 71,
    "barkod": "KIT00163",
    "durum": "mevcut",
    "raf_kodu": "R41"
  }
},
{
  "model": "kutuphane_app.kitapnusha",
  "pk": 164,
  "fields": {
    "kitap": 71,
    "barkod": "KIT00164",
    "durum": "mevcut",
    "raf_kodu": "R41"
  }
},
{
  "model": "kutuphane_app.kitapnusha",
  "pk": 165,
  "fields": {
    "kitap": 72,
    "barkod": "KIT00165",
    "durum": "mevcut",
    "raf_kodu": "R43"
  }
},
{
  "model": "kutuphane_app.kitapnusha",
  "pk": 166,
  "fields": {
    "kitap": 72,
    "barkod": "KIT00166",
    "durum": "mevcut",
    "raf_kodu": "R41"
  }
},
{
  "model": "kutuphane_app.kitapnusha",
  "pk": 167,
  "fields": {
    "kitap": 72,
    "barkod": "KIT00167",
    "durum": "mevcut",
    "raf_kodu": "R12"
  }
},
{
  "model": "kutuphane_app.kitapnusha",
  "pk": 168,
  "fields": {
    "kitap": 72,
    "barkod": "KIT00168",
    "durum": "mevcut",
    "raf_kodu": "R35"
  }
},
{
  "model": "kutuphane_app.kitapnusha",
  "pk": 169,
  "fields": {
    "kitap": 73,
    "barkod": "KIT00169",
    "durum": "mevcut",
    "raf_kodu": "R25"
  }
},
{
  "model": "kutuphane_app.kitapnusha",
  "pk": 170,
  "fields": {
    "kitap": 73,
    "barkod": "KIT00170",
    "durum": "mevcut",
    "raf_kodu": "R30"
  }
},
{
  "model": "kutuphane_app.kitapnusha",
  "pk": 171,
  "fields": {
    "kitap": 73,
    "barkod": "KIT00171",
    "durum": "mevcut",
    "raf_kodu": "R37"
  }
},
{
  "model": "kutuphane_app.kitapnusha",
  "pk": 172,
  "fields": {
    "kitap": 73,
    "barkod": "KIT00172",
    "durum": "mevcut",
    "raf_kodu": "R24"
  }
},
{
  "model": "kutuphane_app.kitapnusha",
  "pk": 173,
  "fields": {
    "kitap": 74,
    "barkod": "KIT00173",
    "durum": "mevcut",
    "raf_kodu": "R8"
  }
},
{
  "model": "kutuphane_app.kitapnusha",
  "pk": 174,
  "fields": {
    "kitap": 74,
    "barkod": "KIT00174",
    "durum": "mevcut",
    "raf_kodu": "R4"
  }
},
{
  "model": "kutuphane_app.kitapnusha",
  "pk": 175,
  "fields": {
    "kitap": 74,
    "barkod": "KIT00175",
    "durum": "mevcut",
    "raf_kodu": "R2"
  }
},
{
  "model": "kutuphane_app.kitapnusha",
  "pk": 176,
  "fields": {
    "kitap": 75,
    "barkod": "KIT00176",
    "durum": "mevcut",
    "raf_kodu": "R15"
  }
},
{
  "model": "kutuphane_app.kitapnusha",
  "pk": 177,
  "fields": {
    "kitap": 76,
    "barkod": "KIT00177",
    "durum": "mevcut",
    "raf_kodu": "R20"
  }
},
{
  "model": "kutuphane_app.kitapnusha",
  "pk": 178,
  "fields": {
    "kitap": 76,
    "barkod": "KIT00178",
    "durum": "mevcut",
    "raf_kodu": "R45"
  }
},
{
  "model": "kutuphane_app.kitapnusha",
  "pk": 179,
  "fields": {
    "kitap": 76,
    "barkod": "KIT00179",
    "durum": "mevcut",
    "raf_kodu": "R48"
  }
},
{
  "model": "kutuphane_app.kitapnusha",
  "pk": 180,
  "fields": {
    "kitap": 76,
    "barkod": "KIT00180",
    "durum": "mevcut",
    "raf_kodu": "R23"
  }
},
{
  "model": "kutuphane_app.kitapnusha",
  "pk": 181,
  "fields": {
    "kitap": 77,
    "barkod": "KIT00181",
    "durum": "mevcut",
    "raf_kodu": "R42"
  }
},
{
  "model": "kutuphane_app.kitapnusha",
  "pk": 182,
  "fields": {
    "kitap": 77,
    "barkod": "KIT00182",
    "durum": "mevcut",
    "raf_kodu": "R38"
  }
},
{
  "model": "kutuphane_app.kitapnusha",
  "pk": 183,
  "fields": {
    "kitap": 77,
    "barkod": "KIT00183",
    "durum": "mevcut",
    "raf_kodu": "R39"
  }
},
{
  "model": "kutuphane_app.kitapnusha",
  "pk": 184,
  "fields": {
    "kitap": 78,
    "barkod": "KIT00184",
    "durum": "mevcut",
    "raf_kodu": "R31"
  }
},
{
  "model": "kutuphane_app.kitapnusha",
  "pk": 185,
  "fields": {
    "kitap": 78,
    "barkod": "KIT00185",
    "durum": "mevcut",
    "raf_kodu": "R23"
  }
},
{
  "model": "kutuphane_app.kitapnusha",
  "pk": 186,
  "fields": {
    "kitap": 78,
    "barkod": "KIT00186",
    "durum": "mevcut",
    "raf_kodu": "R46"
  }
},
{
  "model": "kutuphane_app.kitapnusha",
  "pk": 187,
  "fields": {
    "kitap": 79,
    "barkod": "KIT00187",
    "durum": "mevcut",
    "raf_kodu": "R35"
  }
},
{
  "model": "kutuphane_app.kitapnusha",
  "pk": 188,
  "fields": {
    "kitap": 79,
    "barkod": "KIT00188",
    "durum": "mevcut",
    "raf_kodu": "R3"
  }
},
{
  "model": "kutuphane_app.kitapnusha",
  "pk": 189,
  "fields": {
    "kitap": 80,
    "barkod": "KIT00189",
    "durum": "mevcut",
    "raf_kodu": "R36"
  }
},
{
  "model": "kutuphane_app.odunckaydi",
  "pk": 1,
  "fields": {
    "ogrenci": 67,
    "kitap_nusha": 147,
    "odunc_tarihi": "2025-07-20T09:35:58.976Z",
    "iade_tarihi": "2025-08-04T09:35:58.976Z",
    "teslim_tarihi": "2025-08-01T09:35:58.976Z",
    "durum": "teslim",
    "gecikme_cezasi": null
  }
},
{
  "model": "kutuphane_app.odunckaydi",
  "pk": 2,
  "fields": {
    "ogrenci": 91,
    "kitap_nusha": 97,
    "odunc_tarihi": "2025-07-18T09:35:58.976Z",
    "iade_tarihi": "2025-08-02T09:35:58.976Z",
    "teslim_tarihi": "2025-07-30T09:35:58.976Z",
    "durum": "teslim",
    "gecikme_cezasi": null
  }
},
{
  "model": "kutuphane_app.odunckaydi",
  "pk": 3,
  "fields": {
    "ogrenci": 117,
    "kitap_nusha": 6,
    "odunc_tarihi": "2025-04-12T09:35:58.976Z",
    "iade_tarihi": "2025-04-27T09:35:58.976Z",
    "teslim_tarihi": "2025-04-24T09:35:58.976Z",
    "durum": "teslim",
    "gecikme_cezasi": null
  }
},
{
  "model": "kutuphane_app.odunckaydi",
  "pk": 4,
  "fields": {
    "ogrenci": 57,
    "kitap_nusha": 42,
    "odunc_tarihi": "2025-07-05T09:35:58.976Z",
    "iade_tarihi": "2025-07-20T09:35:58.976Z",
    "teslim_tarihi": "2025-07-16T09:35:58.976Z",
    "durum": "teslim",
    "gecikme_cezasi": null
  }
},
{
  "model": "kutuphane_app.odunckaydi",
  "pk": 5,
  "fields": {
    "ogrenci": 50,
    "kitap_nusha": 58,
    "odunc_tarihi": "2025-05-06T09:35:58.976Z",
    "iade_tarihi": "2025-05-21T09:35:58.976Z",
    "teslim_tarihi": "2025-05-29T09:35:58.976Z",
    "durum": "teslim",
    "gecikme_cezasi": "4.00"
  }
},
{
  "model": "kutuphane_app.odunckaydi",
  "pk": 6,
  "fields": {
    "ogrenci": 26,
    "kitap_nusha": 25,
    "odunc_tarihi": "2025-08-22T09:35:58.976Z",
    "iade_tarihi": "2025-09-06T09:35:58.976Z",
    "teslim_tarihi": "2025-09-11T09:35:58.976Z",
    "durum": "teslim",
    "gecikme_cezasi": "2.50"
  }
},
{
  "model": "kutuphane_app.odunckaydi",
  "pk": 7,
  "fields": {
    "ogrenci": 81,
    "kitap_nusha": 131,
    "odunc_tarihi": "2025-08-25T09:35:58.976Z",
    "iade_tarihi": "2025-09-09T09:35:58.976Z",
    "teslim_tarihi": "2025-09-12T09:35:58.976Z",
    "durum": "teslim",
    "gecikme_cezasi": "1.50"
  }
},
{
  "model": "kutuphane_app.odunckaydi",
  "pk": 8,
  "fields": {
    "ogrenci": 11,
    "kitap_nusha": 105,
    "odunc_tarihi": "2025-05-17T09:35:58.976Z",
    "iade_tarihi": "2025-06-01T09:35:58.976Z",
    "teslim_tarihi": "2025-06-10T09:35:58.976Z",
    "durum": "teslim",
    "gecikme_cezasi": "4.50"
  }
},
{
  "model": "kutuphane_app.odunckaydi",
  "pk": 9,
  "fields": {
    "ogrenci": 13,
    "kitap_nusha": 151,
    "odunc_tarihi": "2025-09-07T09:35:58.976Z",
    "iade_tarihi": "2025-09-22T09:35:58.976Z",
    "teslim_tarihi": "2025-09-28T09:35:58.976Z",
    "durum": "teslim",
    "gecikme_cezasi": "3.00"
  }
},
{
  "model": "kutuphane_app.odunckaydi",
  "pk": 10,
  "fields": {
    "ogrenci": 100,
    "kitap_nusha": 129,
    "odunc_tarihi": "2025-06-01T09:35:58.976Z",
    "iade_tarihi": "2025-06-16T09:35:58.976Z",
    "teslim_tarihi": "2025-06-12T09:35:58.976Z",
    "durum": "teslim",
    "gecikme_cezasi": null
  }
},
{
  "model": "kutuphane_app.odunckaydi",
  "pk": 11,
  "fields": {
    "ogrenci": 67,
    "kitap_nusha": 26,
    "odunc_tarihi": "2025-09-04T09:35:58.976Z",
    "iade_tarihi": "2025-09-19T09:35:58.976Z",
    "teslim_tarihi": "2025-09-25T09:35:58.976Z",
    "durum": "teslim",
    "gecikme_cezasi": "3.00"
  }
},
{
  "model": "kutuphane_app.odunckaydi",
  "pk": 12,
  "fields": {
    "ogrenci": 23,
    "kitap_nusha": 109,
    "odunc_tarihi": "2025-04-13T09:35:58.976Z",
    "iade_tarihi": "2025-04-28T09:35:58.976Z",
    "teslim_tarihi": "2025-04-28T09:35:58.976Z",
    "durum": "teslim",
    "gecikme_cezasi": null
  }
},
{
  "model": "kutuphane_app.odunckaydi",
  "pk": 13,
  "fields": {
    "ogrenci": 57,
    "kitap_nusha": 83,
    "odunc_tarihi": "2025-09-11T09:35:58.976Z",
    "iade_tarihi": "2025-09-26T09:35:58.976Z",
    "teslim_tarihi": "2025-09-22T09:35:58.976Z",
    "durum": "teslim",
    "gecikme_cezasi": null
  }
},
{
  "model": "kutuphane_app.odunckaydi",
  "pk": 14,
  "fields": {
    "ogrenci": 15,
    "kitap_nusha": 98,
    "odunc_tarihi": "2025-05-01T09:35:58.976Z",
    "iade_tarihi": "2025-05-16T09:35:58.976Z",
    "teslim_tarihi": "2025-05-14T09:35:58.976Z",
    "durum": "teslim",
    "gecikme_cezasi": null
  }
},
{
  "model": "kutuphane_app.odunckaydi",
  "pk": 15,
  "fields": {
    "ogrenci": 56,
    "kitap_nusha": 75,
    "odunc_tarihi": "2025-05-29T09:35:58.976Z",
    "iade_tarihi": "2025-06-13T09:35:58.976Z",
    "teslim_tarihi": "2025-06-13T09:35:58.976Z",
    "durum": "teslim",
    "gecikme_cezasi": null
  }
},
{
  "model": "kutuphane_app.odunckaydi",
  "pk": 16,
  "fields": {
    "ogrenci": 11,
    "kitap_nusha": 21,
    "odunc_tarihi": "2025-04-11T09:35:58.976Z",
    "iade_tarihi": "2025-04-26T09:35:58.976Z",
    "teslim_tarihi": "2025-04-30T09:35:58.976Z",
    "durum": "teslim",
    "gecikme_cezasi": "2.00"
  }
},
{
  "model": "kutuphane_app.odunckaydi",
  "pk": 17,
  "fields": {
    "ogrenci": 102,
    "kitap_nusha": 143,
    "odunc_tarihi": "2025-06-22T09:35:58.976Z",
    "iade_tarihi": "2025-07-07T09:35:58.976Z",
    "teslim_tarihi": "2025-07-06T09:35:58.976Z",
    "durum": "teslim",
    "gecikme_cezasi": null
  }
},
{
  "model": "kutuphane_app.odunckaydi",
  "pk": 18,
  "fields": {
    "ogrenci": 91,
    "kitap_nusha": 8,
    "odunc_tarihi": "2025-07-07T09:35:58.976Z",
    "iade_tarihi": "2025-07-22T09:35:58.976Z",
    "teslim_tarihi": "2025-07-22T09:35:58.976Z",
    "durum": "teslim",
    "gecikme_cezasi": null
  }
},
{
  "model": "kutuphane_app.odunckaydi",
  "pk": 19,
  "fields": {
    "ogrenci": 97,
    "kitap_nusha": 145,
    "odunc_tarihi": "2025-06-10T09:35:58.976Z",
    "iade_tarihi": "2025-06-25T09:35:58.976Z",
    "teslim_tarihi": "2025-06-24T09:35:58.976Z",
    "durum": "teslim",
    "gecikme_cezasi": null
  }
},
{
  "model": "kutuphane_app.odunckaydi",
  "pk": 20,
  "fields": {
    "ogrenci": 76,
    "kitap_nusha": 58,
    "odunc_tarihi": "2025-07-12T09:35:58.976Z",
    "iade_tarihi": "2025-07-27T09:35:58.976Z",
    "teslim_tarihi": "2025-07-23T09:35:58.976Z",
    "durum": "teslim",
    "gecikme_cezasi": null
  }
},
{
  "model": "kutuphane_app.odunckaydi",
  "pk": 21,
  "fields": {
    "ogrenci": 88,
    "kitap_nusha": 130,
    "odunc_tarihi": "2025-08-18T09:35:58.976Z",
    "iade_tarihi": "2025-09-02T09:35:58.976Z",
    "teslim_tarihi": "2025-08-29T09:35:58.976Z",
    "durum": "teslim",
    "gecikme_cezasi": null
  }
},
{
  "model": "kutuphane_app.odunckaydi",
  "pk": 22,
  "fields": {
    "ogrenci": 29,
    "kitap_nusha": 178,
    "odunc_tarihi": "2025-05-09T09:35:58.976Z",
    "iade_tarihi": "2025-05-24T09:35:58.976Z",
    "teslim_tarihi": "2025-05-29T09:35:58.976Z",
    "durum": "teslim",
    "gecikme_cezasi": "2.50"
  }
},
{
  "model": "kutuphane_app.odunckaydi",
  "pk": 23,
  "fields": {
    "ogrenci": 28,
    "kitap_nusha": 135,
    "odunc_tarihi": "2025-06-04T09:35:58.976Z",
    "iade_tarihi": "2025-06-19T09:35:58.976Z",
    "teslim_tarihi": "2025-06-15T09:35:58.976Z",
    "durum": "teslim",
    "gecikme_cezasi": null
  }
},
{
  "model": "kutuphane_app.odunckaydi",
  "pk": 24,
  "fields": {
    "ogrenci": 2,
    "kitap_nusha": 43,
    "odunc_tarihi": "2025-05-05T09:35:58.976Z",
    "iade_tarihi": "2025-05-20T09:35:58.976Z",
    "teslim_tarihi": "2025-05-17T09:35:58.976Z",
    "durum": "teslim",
    "gecikme_cezasi": null
  }
},
{
  "model": "kutuphane_app.odunckaydi",
  "pk": 25,
  "fields": {
    "ogrenci": 73,
    "kitap_nusha": 148,
    "odunc_tarihi": "2025-05-11T09:35:58.976Z",
    "iade_tarihi": "2025-05-26T09:35:58.976Z",
    "teslim_tarihi": "2025-05-31T09:35:58.976Z",
    "durum": "teslim",
    "gecikme_cezasi": "2.50"
  }
},
{
  "model": "kutuphane_app.odunckaydi",
  "pk": 26,
  "fields": {
    "ogrenci": 108,
    "kitap_nusha": 125,
    "odunc_tarihi": "2025-05-22T09:35:58.976Z",
    "iade_tarihi": "2025-06-06T09:35:58.976Z",
    "teslim_tarihi": "2025-06-04T09:35:58.976Z",
    "durum": "teslim",
    "gecikme_cezasi": null
  }
},
{
  "model": "kutuphane_app.odunckaydi",
  "pk": 27,
  "fields": {
    "ogrenci": 33,
    "kitap_nusha": 76,
    "odunc_tarihi": "2025-07-21T09:35:58.976Z",
    "iade_tarihi": "2025-08-05T09:35:58.976Z",
    "teslim_tarihi": "2025-08-04T09:35:58.976Z",
    "durum": "teslim",
    "gecikme_cezasi": null
  }
},
{
  "model": "kutuphane_app.odunckaydi",
  "pk": 28,
  "fields": {
    "ogrenci": 41,
    "kitap_nusha": 95,
    "odunc_tarihi": "2025-04-21T09:35:58.976Z",
    "iade_tarihi": "2025-05-06T09:35:58.976Z",
    "teslim_tarihi": "2025-05-02T09:35:58.976Z",
    "durum": "teslim",
    "gecikme_cezasi": null
  }
},
{
  "model": "kutuphane_app.odunckaydi",
  "pk": 29,
  "fields": {
    "ogrenci": 115,
    "kitap_nusha": 144,
    "odunc_tarihi": "2025-07-29T09:35:58.976Z",
    "iade_tarihi": "2025-08-13T09:35:58.976Z",
    "teslim_tarihi": "2025-08-13T09:35:58.976Z",
    "durum": "teslim",
    "gecikme_cezasi": null
  }
},
{
  "model": "kutuphane_app.odunckaydi",
  "pk": 31,
  "fields": {
    "ogrenci": 36,
    "kitap_nusha": 155,
    "odunc_tarihi": "2025-06-02T09:35:58.976Z",
    "iade_tarihi": "2025-06-17T09:35:58.976Z",
    "teslim_tarihi": "2025-06-20T09:35:58.976Z",
    "durum": "teslim",
    "gecikme_cezasi": "1.50"
  }
},
{
  "model": "kutuphane_app.odunckaydi",
  "pk": 32,
  "fields": {
    "ogrenci": 39,
    "kitap_nusha": 18,
    "odunc_tarihi": "2025-09-15T09:35:58.976Z",
    "iade_tarihi": "2025-09-30T09:35:58.976Z",
    "teslim_tarihi": "2025-09-28T09:35:58.976Z",
    "durum": "teslim",
    "gecikme_cezasi": null
  }
},
{
  "model": "kutuphane_app.odunckaydi",
  "pk": 33,
  "fields": {
    "ogrenci": 25,
    "kitap_nusha": 44,
    "odunc_tarihi": "2025-09-20T09:35:58.976Z",
    "iade_tarihi": "2025-10-05T09:35:58.976Z",
    "teslim_tarihi": "2025-10-02T09:35:58.976Z",
    "durum": "teslim",
    "gecikme_cezasi": null
  }
},
{
  "model": "kutuphane_app.odunckaydi",
  "pk": 34,
  "fields": {
    "ogrenci": 71,
    "kitap_nusha": 149,
    "odunc_tarihi": "2025-06-15T09:35:58.976Z",
    "iade_tarihi": "2025-06-30T09:35:58.976Z",
    "teslim_tarihi": "2025-06-29T09:35:58.976Z",
    "durum": "teslim",
    "gecikme_cezasi": null
  }
},
{
  "model": "kutuphane_app.odunckaydi",
  "pk": 35,
  "fields": {
    "ogrenci": 28,
    "kitap_nusha": 70,
    "odunc_tarihi": "2025-05-13T09:35:58.976Z",
    "iade_tarihi": "2025-05-28T09:35:58.976Z",
    "teslim_tarihi": "2025-06-02T09:35:58.976Z",
    "durum": "teslim",
    "gecikme_cezasi": "2.50"
  }
},
{
  "model": "kutuphane_app.odunckaydi",
  "pk": 36,
  "fields": {
    "ogrenci": 81,
    "kitap_nusha": 72,
    "odunc_tarihi": "2025-04-25T09:35:58.976Z",
    "iade_tarihi": "2025-05-10T09:35:58.976Z",
    "teslim_tarihi": "2025-05-05T09:35:58.976Z",
    "durum": "teslim",
    "gecikme_cezasi": null
  }
},
{
  "model": "kutuphane_app.odunckaydi",
  "pk": 37,
  "fields": {
    "ogrenci": 4,
    "kitap_nusha": 18,
    "odunc_tarihi": "2025-04-22T09:35:58.976Z",
    "iade_tarihi": "2025-05-07T09:35:58.976Z",
    "teslim_tarihi": "2025-05-14T09:35:58.976Z",
    "durum": "teslim",
    "gecikme_cezasi": "3.50"
  }
},
{
  "model": "kutuphane_app.odunckaydi",
  "pk": 38,
  "fields": {
    "ogrenci": 2,
    "kitap_nusha": 122,
    "odunc_tarihi": "2025-09-03T09:35:58.976Z",
    "iade_tarihi": "2025-09-18T09:35:58.976Z",
    "teslim_tarihi": "2025-09-18T09:35:58.976Z",
    "durum": "teslim",
    "gecikme_cezasi": null
  }
},
{
  "model": "kutuphane_app.odunckaydi",
  "pk": 39,
  "fields": {
    "ogrenci": 83,
    "kitap_nusha": 5,
    "odunc_tarihi": "2025-07-27T09:35:58.976Z",
    "iade_tarihi": "2025-08-11T09:35:58.976Z",
    "teslim_tarihi": "2025-08-11T09:35:58.976Z",
    "durum": "teslim",
    "gecikme_cezasi": null
  }
},
{
  "model": "kutuphane_app.odunckaydi",
  "pk": 40,
  "fields": {
    "ogrenci": 35,
    "kitap_nusha": 17,
    "odunc_tarihi": "2025-09-09T09:35:58.976Z",
    "iade_tarihi": "2025-09-24T09:35:58.976Z",
    "teslim_tarihi": "2025-10-01T09:35:58.976Z",
    "durum": "teslim",
    "gecikme_cezasi": "3.50"
  }
},
{
  "model": "kutuphane_app.odunckaydi",
  "pk": 42,
  "fields": {
    "ogrenci": 104,
    "kitap_nusha": 13,
    "odunc_tarihi": "2025-09-21T09:35:58.976Z",
    "iade_tarihi": "2025-10-06T09:35:58.976Z",
    "teslim_tarihi": "2025-10-06T09:35:58.976Z",
    "durum": "teslim",
    "gecikme_cezasi": null
  }
},
{
  "model": "kutuphane_app.odunckaydi",
  "pk": 43,
  "fields": {
    "ogrenci": 13,
    "kitap_nusha": 170,
    "odunc_tarihi": "2025-07-14T09:35:58.976Z",
    "iade_tarihi": "2025-07-29T09:35:58.976Z",
    "teslim_tarihi": "2025-08-01T09:35:58.976Z",
    "durum": "teslim",
    "gecikme_cezasi": "1.50"
  }
},
{
  "model": "kutuphane_app.odunckaydi",
  "pk": 44,
  "fields": {
    "ogrenci": 82,
    "kitap_nusha": 51,
    "odunc_tarihi": "2025-09-16T09:35:58.976Z",
    "iade_tarihi": "2025-10-01T09:35:58.976Z",
    "teslim_tarihi": "2025-09-28T09:35:58.976Z",
    "durum": "teslim",
    "gecikme_cezasi": null
  }
},
{
  "model": "kutuphane_app.odunckaydi",
  "pk": 45,
  "fields": {
    "ogrenci": 46,
    "kitap_nusha": 41,
    "odunc_tarihi": "2025-08-02T09:35:58.976Z",
    "iade_tarihi": "2025-08-17T09:35:58.976Z",
    "teslim_tarihi": "2025-08-16T09:35:58.976Z",
    "durum": "teslim",
    "gecikme_cezasi": null
  }
},
{
  "model": "kutuphane_app.odunckaydi",
  "pk": 46,
  "fields": {
    "ogrenci": 64,
    "kitap_nusha": 4,
    "odunc_tarihi": "2025-05-08T09:35:58.976Z",
    "iade_tarihi": "2025-05-23T09:35:58.976Z",
    "teslim_tarihi": "2025-05-23T09:35:58.976Z",
    "durum": "teslim",
    "gecikme_cezasi": null
  }
},
{
  "model": "kutuphane_app.odunckaydi",
  "pk": 47,
  "fields": {
    "ogrenci": 108,
    "kitap_nusha": 179,
    "odunc_tarihi": "2025-07-23T09:35:58.976Z",
    "iade_tarihi": "2025-08-07T09:35:58.976Z",
    "teslim_tarihi": "2025-08-11T09:35:58.976Z",
    "durum": "teslim",
    "gecikme_cezasi": "2.00"
  }
},
{
  "model": "kutuphane_app.odunckaydi",
  "pk": 48,
  "fields": {
    "ogrenci": 10,
    "kitap_nusha": 37,
    "odunc_tarihi": "2025-06-26T09:35:58.976Z",
    "iade_tarihi": "2025-07-11T09:35:58.976Z",
    "teslim_tarihi": "2025-07-12T09:35:58.976Z",
    "durum": "teslim",
    "gecikme_cezasi": "0.50"
  }
},
{
  "model": "kutuphane_app.odunckaydi",
  "pk": 49,
  "fields": {
    "ogrenci": 80,
    "kitap_nusha": 154,
    "odunc_tarihi": "2025-04-15T09:35:58.976Z",
    "iade_tarihi": "2025-04-30T09:35:58.976Z",
    "teslim_tarihi": "2025-04-28T09:35:58.976Z",
    "durum": "teslim",
    "gecikme_cezasi": null
  }
},
{
  "model": "kutuphane_app.odunckaydi",
  "pk": 50,
  "fields": {
    "ogrenci": 21,
    "kitap_nusha": 46,
    "odunc_tarihi": "2025-05-30T09:35:58.976Z",
    "iade_tarihi": "2025-06-14T09:35:58.976Z",
    "teslim_tarihi": "2025-06-21T09:35:58.976Z",
    "durum": "teslim",
    "gecikme_cezasi": "3.50"
  }
},
{
  "model": "kutuphane_app.odunckaydi",
  "pk": 51,
  "fields": {
    "ogrenci": 28,
    "kitap_nusha": 64,
    "odunc_tarihi": "2025-07-11T09:35:58.976Z",
    "iade_tarihi": "2025-07-26T09:35:58.976Z",
    "teslim_tarihi": "2025-07-31T09:35:58.976Z",
    "durum": "teslim",
    "gecikme_cezasi": "2.50"
  }
},
{
  "model": "kutuphane_app.odunckaydi",
  "pk": 52,
  "fields": {
    "ogrenci": 57,
    "kitap_nusha": 163,
    "odunc_tarihi": "2025-08-23T09:35:58.976Z",
    "iade_tarihi": "2025-09-07T09:35:58.976Z",
    "teslim_tarihi": "2025-09-07T09:35:58.976Z",
    "durum": "teslim",
    "gecikme_cezasi": null
  }
},
{
  "model": "kutuphane_app.odunckaydi",
  "pk": 53,
  "fields": {
    "ogrenci": 63,
    "kitap_nusha": 185,
    "odunc_tarihi": "2025-05-08T09:35:58.976Z",
    "iade_tarihi": "2025-05-23T09:35:58.976Z",
    "teslim_tarihi": "2025-05-22T09:35:58.976Z",
    "durum": "teslim",
    "gecikme_cezasi": null
  }
},
{
  "model": "kutuphane_app.odunckaydi",
  "pk": 54,
  "fields": {
    "ogrenci": 97,
    "kitap_nusha": 13,
    "odunc_tarihi": "2025-05-21T09:35:58.976Z",
    "iade_tarihi": "2025-06-05T09:35:58.976Z",
    "teslim_tarihi": "2025-06-09T09:35:58.976Z",
    "durum": "teslim",
    "gecikme_cezasi": "2.00"
  }
},
{
  "model": "kutuphane_app.odunckaydi",
  "pk": 55,
  "fields": {
    "ogrenci": 49,
    "kitap_nusha": 67,
    "odunc_tarihi": "2025-08-24T09:35:58.976Z",
    "iade_tarihi": "2025-09-08T09:35:58.976Z",
    "teslim_tarihi": "2025-09-03T09:35:58.976Z",
    "durum": "teslim",
    "gecikme_cezasi": null
  }
},
{
  "model": "kutuphane_app.odunckaydi",
  "pk": 56,
  "fields": {
    "ogrenci": 110,
    "kitap_nusha": 106,
    "odunc_tarihi": "2025-04-05T09:35:58.976Z",
    "iade_tarihi": "2025-04-20T09:35:58.976Z",
    "teslim_tarihi": "2025-04-17T09:35:58.976Z",
    "durum": "teslim",
    "gecikme_cezasi": null
  }
},
{
  "model": "kutuphane_app.odunckaydi",
  "pk": 57,
  "fields": {
    "ogrenci": 97,
    "kitap_nusha": 42,
    "odunc_tarihi": "2025-08-26T09:35:58.976Z",
    "iade_tarihi": "2025-09-10T09:35:58.976Z",
    "teslim_tarihi": "2025-09-07T09:35:58.976Z",
    "durum": "teslim",
    "gecikme_cezasi": null
  }
},
{
  "model": "kutuphane_app.odunckaydi",
  "pk": 58,
  "fields": {
    "ogrenci": 56,
    "kitap_nusha": 51,
    "odunc_tarihi": "2025-09-08T09:35:58.976Z",
    "iade_tarihi": "2025-09-23T09:35:58.976Z",
    "teslim_tarihi": "2025-09-22T09:35:58.976Z",
    "durum": "teslim",
    "gecikme_cezasi": null
  }
},
{
  "model": "kutuphane_app.odunckaydi",
  "pk": 59,
  "fields": {
    "ogrenci": 90,
    "kitap_nusha": 18,
    "odunc_tarihi": "2025-08-31T09:35:58.976Z",
    "iade_tarihi": "2025-09-15T09:35:58.976Z",
    "teslim_tarihi": "2025-09-12T09:35:58.976Z",
    "durum": "teslim",
    "gecikme_cezasi": null
  }
},
{
  "model": "kutuphane_app.odunckaydi",
  "pk": 60,
  "fields": {
    "ogrenci": 45,
    "kitap_nusha": 121,
    "odunc_tarihi": "2025-07-20T09:35:58.976Z",
    "iade_tarihi": "2025-08-04T09:35:58.976Z",
    "teslim_tarihi": "2025-08-02T09:35:58.976Z",
    "durum": "teslim",
    "gecikme_cezasi": null
  }
},
{
  "model": "kutuphane_app.odunckaydi",
  "pk": 61,
  "fields": {
    "ogrenci": 73,
    "kitap_nusha": 74,
    "odunc_tarihi": "2025-04-28T09:35:58.976Z",
    "iade_tarihi": "2025-05-13T09:35:58.976Z",
    "teslim_tarihi": "2025-05-15T09:35:58.976Z",
    "durum": "teslim",
    "gecikme_cezasi": "1.00"
  }
},
{
  "model": "kutuphane_app.odunckaydi",
  "pk": 62,
  "fields": {
    "ogrenci": 72,
    "kitap_nusha": 58,
    "odunc_tarihi": "2025-05-02T09:35:58.976Z",
    "iade_tarihi": "2025-05-17T09:35:58.976Z",
    "teslim_tarihi": "2025-05-15T09:35:58.976Z",
    "durum": "teslim",
    "gecikme_cezasi": null
  }
},
{
  "model": "kutuphane_app.odunckaydi",
  "pk": 63,
  "fields": {
    "ogrenci": 59,
    "kitap_nusha": 19,
    "odunc_tarihi": "2025-05-03T09:35:58.976Z",
    "iade_tarihi": "2025-05-18T09:35:58.976Z",
    "teslim_tarihi": "2025-05-15T09:35:58.976Z",
    "durum": "teslim",
    "gecikme_cezasi": null
  }
},
{
  "model": "kutuphane_app.odunckaydi",
  "pk": 64,
  "fields": {
    "ogrenci": 108,
    "kitap_nusha": 62,
    "odunc_tarihi": "2025-07-11T09:35:58.976Z",
    "iade_tarihi": "2025-07-26T09:35:58.976Z",
    "teslim_tarihi": "2025-07-30T09:35:58.976Z",
    "durum": "teslim",
    "gecikme_cezasi": "2.00"
  }
},
{
  "model": "kutuphane_app.odunckaydi",
  "pk": 65,
  "fields": {
    "ogrenci": 32,
    "kitap_nusha": 93,
    "odunc_tarihi": "2025-08-08T09:35:58.976Z",
    "iade_tarihi": "2025-08-23T09:35:58.976Z",
    "teslim_tarihi": "2025-08-23T09:35:58.976Z",
    "durum": "teslim",
    "gecikme_cezasi": null
  }
},
{
  "model": "kutuphane_app.odunckaydi",
  "pk": 66,
  "fields": {
    "ogrenci": 92,
    "kitap_nusha": 53,
    "odunc_tarihi": "2025-05-26T09:35:58.976Z",
    "iade_tarihi": "2025-06-10T09:35:58.976Z",
    "teslim_tarihi": "2025-06-19T09:35:58.976Z",
    "durum": "teslim",
    "gecikme_cezasi": "4.50"
  }
},
{
  "model": "kutuphane_app.odunckaydi",
  "pk": 67,
  "fields": {
    "ogrenci": 34,
    "kitap_nusha": 161,
    "odunc_tarihi": "2025-07-14T09:35:58.976Z",
    "iade_tarihi": "2025-07-29T09:35:58.976Z",
    "teslim_tarihi": "2025-07-25T09:35:58.976Z",
    "durum": "teslim",
    "gecikme_cezasi": null
  }
},
{
  "model": "kutuphane_app.odunckaydi",
  "pk": 68,
  "fields": {
    "ogrenci": 2,
    "kitap_nusha": 46,
    "odunc_tarihi": "2025-05-16T09:35:58.976Z",
    "iade_tarihi": "2025-05-31T09:35:58.976Z",
    "teslim_tarihi": "2025-06-03T09:35:58.976Z",
    "durum": "teslim",
    "gecikme_cezasi": "1.50"
  }
},
{
  "model": "kutuphane_app.odunckaydi",
  "pk": 69,
  "fields": {
    "ogrenci": 29,
    "kitap_nusha": 184,
    "odunc_tarihi": "2025-08-26T09:35:58.976Z",
    "iade_tarihi": "2025-09-10T09:35:58.976Z",
    "teslim_tarihi": "2025-09-07T09:35:58.976Z",
    "durum": "teslim",
    "gecikme_cezasi": null
  }
},
{
  "model": "kutuphane_app.odunckaydi",
  "pk": 70,
  "fields": {
    "ogrenci": 2,
    "kitap_nusha": 188,
    "odunc_tarihi": "2025-08-04T09:35:58.976Z",
    "iade_tarihi": "2025-08-19T09:35:58.976Z",
    "teslim_tarihi": "2025-08-16T09:35:58.976Z",
    "durum": "teslim",
    "gecikme_cezasi": null
  }
},
{
  "model": "kutuphane_app.odunckaydi",
  "pk": 71,
  "fields": {
    "ogrenci": 75,
    "kitap_nusha": 105,
    "odunc_tarihi": "2025-06-06T09:35:58.976Z",
    "iade_tarihi": "2025-06-21T09:35:58.976Z",
    "teslim_tarihi": "2025-06-20T09:35:58.976Z",
    "durum": "teslim",
    "gecikme_cezasi": null
  }
},
{
  "model": "kutuphane_app.odunckaydi",
  "pk": 73,
  "fields": {
    "ogrenci": 52,
    "kitap_nusha": 189,
    "odunc_tarihi": "2025-04-09T09:35:58.976Z",
    "iade_tarihi": "2025-04-24T09:35:58.976Z",
    "teslim_tarihi": "2025-04-22T09:35:58.976Z",
    "durum": "teslim",
    "gecikme_cezasi": null
  }
},
{
  "model": "kutuphane_app.odunckaydi",
  "pk": 74,
  "fields": {
    "ogrenci": 73,
    "kitap_nusha": 145,
    "odunc_tarihi": "2025-09-08T09:35:58.976Z",
    "iade_tarihi": "2025-09-23T09:35:58.976Z",
    "teslim_tarihi": "2025-09-28T09:35:58.976Z",
    "durum": "teslim",
    "gecikme_cezasi": "2.50"
  }
},
{
  "model": "kutuphane_app.odunckaydi",
  "pk": 75,
  "fields": {
    "ogrenci": 42,
    "kitap_nusha": 62,
    "odunc_tarihi": "2025-05-30T09:35:58.976Z",
    "iade_tarihi": "2025-06-14T09:35:58.976Z",
    "teslim_tarihi": "2025-06-12T09:35:58.976Z",
    "durum": "teslim",
    "gecikme_cezasi": null
  }
},
{
  "model": "kutuphane_app.odunckaydi",
  "pk": 76,
  "fields": {
    "ogrenci": 62,
    "kitap_nusha": 154,
    "odunc_tarihi": "2025-06-27T09:35:58.976Z",
    "iade_tarihi": "2025-07-12T09:35:58.976Z",
    "teslim_tarihi": "2025-07-09T09:35:58.976Z",
    "durum": "teslim",
    "gecikme_cezasi": null
  }
},
{
  "model": "kutuphane_app.odunckaydi",
  "pk": 77,
  "fields": {
    "ogrenci": 63,
    "kitap_nusha": 42,
    "odunc_tarihi": "2025-04-25T09:35:58.976Z",
    "iade_tarihi": "2025-05-10T09:35:58.976Z",
    "teslim_tarihi": "2025-05-10T09:35:58.976Z",
    "durum": "teslim",
    "gecikme_cezasi": null
  }
},
{
  "model": "kutuphane_app.odunckaydi",
  "pk": 78,
  "fields": {
    "ogrenci": 6,
    "kitap_nusha": 22,
    "odunc_tarihi": "2025-04-12T09:35:58.976Z",
    "iade_tarihi": "2025-04-27T09:35:58.976Z",
    "teslim_tarihi": "2025-04-26T09:35:58.976Z",
    "durum": "teslim",
    "gecikme_cezasi": null
  }
},
{
  "model": "kutuphane_app.odunckaydi",
  "pk": 79,
  "fields": {
    "ogrenci": 7,
    "kitap_nusha": 155,
    "odunc_tarihi": "2025-07-21T09:35:58.976Z",
    "iade_tarihi": "2025-08-05T09:35:58.976Z",
    "teslim_tarihi": "2025-08-01T09:35:58.976Z",
    "durum": "teslim",
    "gecikme_cezasi": null
  }
},
{
  "model": "kutuphane_app.odunckaydi",
  "pk": 80,
  "fields": {
    "ogrenci": 87,
    "kitap_nusha": 62,
    "odunc_tarihi": "2025-06-22T09:35:58.976Z",
    "iade_tarihi": "2025-07-07T09:35:58.976Z",
    "teslim_tarihi": "2025-07-05T09:35:58.976Z",
    "durum": "teslim",
    "gecikme_cezasi": null
  }
},
{
  "model": "kutuphane_app.odunckaydi",
  "pk": 81,
  "fields": {
    "ogrenci": 36,
    "kitap_nusha": 69,
    "odunc_tarihi": "2025-07-29T09:35:58.976Z",
    "iade_tarihi": "2025-08-13T09:35:58.976Z",
    "teslim_tarihi": "2025-08-13T09:35:58.976Z",
    "durum": "teslim",
    "gecikme_cezasi": null
  }
},
{
  "model": "kutuphane_app.odunckaydi",
  "pk": 82,
  "fields": {
    "ogrenci": 54,
    "kitap_nusha": 77,
    "odunc_tarihi": "2025-06-16T09:35:58.976Z",
    "iade_tarihi": "2025-07-01T09:35:58.976Z",
    "teslim_tarihi": "2025-06-26T09:35:58.976Z",
    "durum": "teslim",
    "gecikme_cezasi": null
  }
},
{
  "model": "kutuphane_app.odunckaydi",
  "pk": 83,
  "fields": {
    "ogrenci": 91,
    "kitap_nusha": 14,
    "odunc_tarihi": "2025-09-24T09:35:58.976Z",
    "iade_tarihi": "2025-10-09T09:35:58.976Z",
    "teslim_tarihi": "2025-10-17T09:35:58.976Z",
    "durum": "teslim",
    "gecikme_cezasi": "4.00"
  }
},
{
  "model": "kutuphane_app.odunckaydi",
  "pk": 85,
  "fields": {
    "ogrenci": 20,
    "kitap_nusha": 69,
    "odunc_tarihi": "2025-06-03T09:35:58.976Z",
    "iade_tarihi": "2025-06-18T09:35:58.976Z",
    "teslim_tarihi": "2025-06-16T09:35:58.976Z",
    "durum": "teslim",
    "gecikme_cezasi": null
  }
},
{
  "model": "kutuphane_app.odunckaydi",
  "pk": 86,
  "fields": {
    "ogrenci": 31,
    "kitap_nusha": 54,
    "odunc_tarihi": "2025-06-25T09:35:58.976Z",
    "iade_tarihi": "2025-07-10T09:35:58.976Z",
    "teslim_tarihi": "2025-07-19T09:35:58.976Z",
    "durum": "teslim",
    "gecikme_cezasi": "4.50"
  }
},
{
  "model": "kutuphane_app.odunckaydi",
  "pk": 87,
  "fields": {
    "ogrenci": 70,
    "kitap_nusha": 31,
    "odunc_tarihi": "2025-07-12T09:35:58.976Z",
    "iade_tarihi": "2025-07-27T09:35:58.976Z",
    "teslim_tarihi": "2025-07-25T09:35:58.976Z",
    "durum": "teslim",
    "gecikme_cezasi": null
  }
},
{
  "model": "kutuphane_app.odunckaydi",
  "pk": 88,
  "fields": {
    "ogrenci": 62,
    "kitap_nusha": 89,
    "odunc_tarihi": "2025-06-12T09:35:58.976Z",
    "iade_tarihi": "2025-06-27T09:35:58.976Z",
    "teslim_tarihi": "2025-07-01T09:35:58.976Z",
    "durum": "teslim",
    "gecikme_cezasi": "2.00"
  }
},
{
  "model": "kutuphane_app.odunckaydi",
  "pk": 89,
  "fields": {
    "ogrenci": 39,
    "kitap_nusha": 19,
    "odunc_tarihi": "2025-08-21T09:35:58.976Z",
    "iade_tarihi": "2025-09-05T09:35:58.976Z",
    "teslim_tarihi": "2025-09-03T09:35:58.976Z",
    "durum": "teslim",
    "gecikme_cezasi": null
  }
},
{
  "model": "kutuphane_app.odunckaydi",
  "pk": 90,
  "fields": {
    "ogrenci": 28,
    "kitap_nusha": 155,
    "odunc_tarihi": "2025-05-16T09:35:58.976Z",
    "iade_tarihi": "2025-05-31T09:35:58.976Z",
    "teslim_tarihi": "2025-06-02T09:35:58.976Z",
    "durum": "teslim",
    "gecikme_cezasi": "1.00"
  }
},
{
  "model": "kutuphane_app.odunckaydi",
  "pk": 91,
  "fields": {
    "ogrenci": 66,
    "kitap_nusha": 162,
    "odunc_tarihi": "2025-04-23T09:35:58.976Z",
    "iade_tarihi": "2025-05-08T09:35:58.976Z",
    "teslim_tarihi": "2025-05-05T09:35:58.976Z",
    "durum": "teslim",
    "gecikme_cezasi": null
  }
},
{
  "model": "kutuphane_app.odunckaydi",
  "pk": 92,
  "fields": {
    "ogrenci": 33,
    "kitap_nusha": 113,
    "odunc_tarihi": "2025-08-02T09:35:58.976Z",
    "iade_tarihi": "2025-08-17T09:35:58.976Z",
    "teslim_tarihi": "2025-08-15T09:35:58.976Z",
    "durum": "teslim",
    "gecikme_cezasi": null
  }
},
{
  "model": "kutuphane_app.odunckaydi",
  "pk": 93,
  "fields": {
    "ogrenci": 30,
    "kitap_nusha": 176,
    "odunc_tarihi": "2025-09-11T09:35:58.976Z",
    "iade_tarihi": "2025-09-26T09:35:58.976Z",
    "teslim_tarihi": "2025-10-06T09:35:58.976Z",
    "durum": "teslim",
    "gecikme_cezasi": "5.00"
  }
},
{
  "model": "kutuphane_app.odunckaydi",
  "pk": 94,
  "fields": {
    "ogrenci": 117,
    "kitap_nusha": 68,
    "odunc_tarihi": "2025-08-27T09:35:58.976Z",
    "iade_tarihi": "2025-09-11T09:35:58.976Z",
    "teslim_tarihi": "2025-09-07T09:35:58.976Z",
    "durum": "teslim",
    "gecikme_cezasi": null
  }
},
{
  "model": "kutuphane_app.odunckaydi",
  "pk": 95,
  "fields": {
    "ogrenci": 7,
    "kitap_nusha": 21,
    "odunc_tarihi": "2025-05-27T09:35:58.976Z",
    "iade_tarihi": "2025-06-11T09:35:58.976Z",
    "teslim_tarihi": "2025-06-06T09:35:58.976Z",
    "durum": "teslim",
    "gecikme_cezasi": null
  }
},
{
  "model": "kutuphane_app.odunckaydi",
  "pk": 96,
  "fields": {
    "ogrenci": 19,
    "kitap_nusha": 135,
    "odunc_tarihi": "2025-05-17T09:35:58.976Z",
    "iade_tarihi": "2025-06-01T09:35:58.976Z",
    "teslim_tarihi": "2025-05-28T09:35:58.976Z",
    "durum": "teslim",
    "gecikme_cezasi": null
  }
},
{
  "model": "kutuphane_app.odunckaydi",
  "pk": 97,
  "fields": {
    "ogrenci": 62,
    "kitap_nusha": 128,
    "odunc_tarihi": "2025-09-26T09:35:58.976Z",
    "iade_tarihi": "2025-10-11T09:35:58.976Z",
    "teslim_tarihi": null,
    "durum": "oduncte",
    "gecikme_cezasi": null
  }
},
{
  "model": "kutuphane_app.odunckaydi",
  "pk": 98,
  "fields": {
    "ogrenci": 87,
    "kitap_nusha": 129,
    "odunc_tarihi": "2025-09-21T09:35:58.976Z",
    "iade_tarihi": "2025-10-06T09:35:58.976Z",
    "teslim_tarihi": null,
    "durum": "oduncte",
    "gecikme_cezasi": null
  }
},
{
  "model": "kutuphane_app.odunckaydi",
  "pk": 99,
  "fields": {
    "ogrenci": 65,
    "kitap_nusha": 3,
    "odunc_tarihi": "2025-09-13T09:35:58.976Z",
    "iade_tarihi": "2025-09-28T09:35:58.976Z",
    "teslim_tarihi": null,
    "durum": "oduncte",
    "gecikme_cezasi": null
  }
},
{
  "model": "kutuphane_app.odunckaydi",
  "pk": 100,
  "fields": {
    "ogrenci": 31,
    "kitap_nusha": 132,
    "odunc_tarihi": "2025-09-03T09:35:58.976Z",
    "iade_tarihi": "2025-09-18T09:35:58.976Z",
    "teslim_tarihi": null,
    "durum": "oduncte",
    "gecikme_cezasi": null
  }
},
{
  "model": "kutuphane_app.odunckaydi",
  "pk": 101,
  "fields": {
    "ogrenci": 56,
    "kitap_nusha": 5,
    "odunc_tarihi": "2025-09-25T09:35:58.976Z",
    "iade_tarihi": "2025-10-10T09:35:58.976Z",
    "teslim_tarihi": null,
    "durum": "oduncte",
    "gecikme_cezasi": null
  }
},
{
  "model": "kutuphane_app.odunckaydi",
  "pk": 102,
  "fields": {
    "ogrenci": 90,
    "kitap_nusha": 8,
    "odunc_tarihi": "2025-09-12T09:35:58.976Z",
    "iade_tarihi": "2025-09-27T09:35:58.976Z",
    "teslim_tarihi": null,
    "durum": "oduncte",
    "gecikme_cezasi": null
  }
},
{
  "model": "kutuphane_app.odunckaydi",
  "pk": 103,
  "fields": {
    "ogrenci": 89,
    "kitap_nusha": 9,
    "odunc_tarihi": "2025-09-04T09:35:58.976Z",
    "iade_tarihi": "2025-09-19T09:35:58.976Z",
    "teslim_tarihi": null,
    "durum": "oduncte",
    "gecikme_cezasi": null
  }
},
{
  "model": "kutuphane_app.odunckaydi",
  "pk": 104,
  "fields": {
    "ogrenci": 6,
    "kitap_nusha": 10,
    "odunc_tarihi": "2025-09-05T09:35:58.976Z",
    "iade_tarihi": "2025-09-20T09:35:58.976Z",
    "teslim_tarihi": null,
    "durum": "oduncte",
    "gecikme_cezasi": null
  }
},
{
  "model": "kutuphane_app.odunckaydi",
  "pk": 105,
  "fields": {
    "ogrenci": 33,
    "kitap_nusha": 11,
    "odunc_tarihi": "2025-09-03T09:35:58.976Z",
    "iade_tarihi": "2025-09-18T09:35:58.976Z",
    "teslim_tarihi": null,
    "durum": "oduncte",
    "gecikme_cezasi": null
  }
},
{
  "model": "kutuphane_app.odunckaydi",
  "pk": 106,
  "fields": {
    "ogrenci": 86,
    "kitap_nusha": 13,
    "odunc_tarihi": "2025-09-14T09:35:58.976Z",
    "iade_tarihi": "2025-09-29T09:35:58.976Z",
    "teslim_tarihi": null,
    "durum": "oduncte",
    "gecikme_cezasi": null
  }
},
{
  "model": "kutuphane_app.odunckaydi",
  "pk": 107,
  "fields": {
    "ogrenci": 42,
    "kitap_nusha": 142,
    "odunc_tarihi": "2025-09-09T09:35:58.976Z",
    "iade_tarihi": "2025-09-24T09:35:58.976Z",
    "teslim_tarihi": null,
    "durum": "oduncte",
    "gecikme_cezasi": null
  }
},
{
  "model": "kutuphane_app.odunckaydi",
  "pk": 108,
  "fields": {
    "ogrenci": 73,
    "kitap_nusha": 143,
    "odunc_tarihi": "2025-09-26T09:35:58.976Z",
    "iade_tarihi": "2025-10-11T09:35:58.976Z",
    "teslim_tarihi": null,
    "durum": "oduncte",
    "gecikme_cezasi": null
  }
},
{
  "model": "kutuphane_app.odunckaydi",
  "pk": 109,
  "fields": {
    "ogrenci": 107,
    "kitap_nusha": 146,
    "odunc_tarihi": "2025-09-05T09:35:58.976Z",
    "iade_tarihi": "2025-09-20T09:35:58.976Z",
    "teslim_tarihi": null,
    "durum": "oduncte",
    "gecikme_cezasi": null
  }
},
{
  "model": "kutuphane_app.odunckaydi",
  "pk": 110,
  "fields": {
    "ogrenci": 67,
    "kitap_nusha": 20,
    "odunc_tarihi": "2025-09-18T09:35:58.976Z",
    "iade_tarihi": "2025-10-03T09:35:58.976Z",
    "teslim_tarihi": null,
    "durum": "oduncte",
    "gecikme_cezasi": null
  }
},
{
  "model": "kutuphane_app.odunckaydi",
  "pk": 111,
  "fields": {
    "ogrenci": 21,
    "kitap_nusha": 21,
    "odunc_tarihi": "2025-09-19T09:35:58.976Z",
    "iade_tarihi": "2025-10-04T09:35:58.976Z",
    "teslim_tarihi": null,
    "durum": "oduncte",
    "gecikme_cezasi": null
  }
},
{
  "model": "kutuphane_app.odunckaydi",
  "pk": 112,
  "fields": {
    "ogrenci": 40,
    "kitap_nusha": 152,
    "odunc_tarihi": "2025-09-15T09:35:58.976Z",
    "iade_tarihi": "2025-09-30T09:35:58.976Z",
    "teslim_tarihi": null,
    "durum": "oduncte",
    "gecikme_cezasi": null
  }
},
{
  "model": "kutuphane_app.odunckaydi",
  "pk": 113,
  "fields": {
    "ogrenci": 15,
    "kitap_nusha": 26,
    "odunc_tarihi": "2025-09-29T09:35:58.976Z",
    "iade_tarihi": "2025-10-14T09:35:58.976Z",
    "teslim_tarihi": null,
    "durum": "oduncte",
    "gecikme_cezasi": null
  }
},
{
  "model": "kutuphane_app.odunckaydi",
  "pk": 114,
  "fields": {
    "ogrenci": 27,
    "kitap_nusha": 155,
    "odunc_tarihi": "2025-09-06T09:35:58.976Z",
    "iade_tarihi": "2025-09-21T09:35:58.976Z",
    "teslim_tarihi": null,
    "durum": "oduncte",
    "gecikme_cezasi": null
  }
},
{
  "model": "kutuphane_app.odunckaydi",
  "pk": 115,
  "fields": {
    "ogrenci": 53,
    "kitap_nusha": 157,
    "odunc_tarihi": "2025-09-27T09:35:58.976Z",
    "iade_tarihi": "2025-10-12T09:35:58.976Z",
    "teslim_tarihi": null,
    "durum": "oduncte",
    "gecikme_cezasi": null
  }
},
{
  "model": "kutuphane_app.odunckaydi",
  "pk": 116,
  "fields": {
    "ogrenci": 26,
    "kitap_nusha": 158,
    "odunc_tarihi": "2025-09-24T09:35:58.976Z",
    "iade_tarihi": "2025-10-09T09:35:58.976Z",
    "teslim_tarihi": null,
    "durum": "oduncte",
    "gecikme_cezasi": null
  }
},
{
  "model": "kutuphane_app.odunckaydi",
  "pk": 118,
  "fields": {
    "ogrenci": 97,
    "kitap_nusha": 160,
    "odunc_tarihi": "2025-09-07T09:35:58.976Z",
    "iade_tarihi": "2025-09-22T09:35:58.976Z",
    "teslim_tarihi": null,
    "durum": "oduncte",
    "gecikme_cezasi": null
  }
},
{
  "model": "kutuphane_app.odunckaydi",
  "pk": 119,
  "fields": {
    "ogrenci": 69,
    "kitap_nusha": 161,
    "odunc_tarihi": "2025-09-24T09:35:58.976Z",
    "iade_tarihi": "2025-10-09T09:35:58.976Z",
    "teslim_tarihi": null,
    "durum": "oduncte",
    "gecikme_cezasi": null
  }
},
{
  "model": "kutuphane_app.odunckaydi",
  "pk": 120,
  "fields": {
    "ogrenci": 92,
    "kitap_nusha": 34,
    "odunc_tarihi": "2025-09-09T09:35:58.976Z",
    "iade_tarihi": "2025-09-24T09:35:58.976Z",
    "teslim_tarihi": null,
    "durum": "oduncte",
    "gecikme_cezasi": null
  }
},
{
  "model": "kutuphane_app.odunckaydi",
  "pk": 121,
  "fields": {
    "ogrenci": 69,
    "kitap_nusha": 29,
    "odunc_tarihi": "2025-09-22T09:35:58.976Z",
    "iade_tarihi": "2025-10-07T09:35:58.976Z",
    "teslim_tarihi": null,
    "durum": "oduncte",
    "gecikme_cezasi": null
  }
},
{
  "model": "kutuphane_app.odunckaydi",
  "pk": 122,
  "fields": {
    "ogrenci": 73,
    "kitap_nusha": 36,
    "odunc_tarihi": "2025-09-16T09:35:58.976Z",
    "iade_tarihi": "2025-10-01T09:35:58.976Z",
    "teslim_tarihi": null,
    "durum": "oduncte",
    "gecikme_cezasi": null
  }
},
{
  "model": "kutuphane_app.odunckaydi",
  "pk": 123,
  "fields": {
    "ogrenci": 72,
    "kitap_nusha": 37,
    "odunc_tarihi": "2025-09-27T09:35:58.976Z",
    "iade_tarihi": "2025-10-12T09:35:58.976Z",
    "teslim_tarihi": null,
    "durum": "oduncte",
    "gecikme_cezasi": null
  }
},
{
  "model": "kutuphane_app.odunckaydi",
  "pk": 124,
  "fields": {
    "ogrenci": 67,
    "kitap_nusha": 38,
    "odunc_tarihi": "2025-09-22T09:35:58.976Z",
    "iade_tarihi": "2025-10-07T09:35:58.976Z",
    "teslim_tarihi": null,
    "durum": "oduncte",
    "gecikme_cezasi": null
  }
},
{
  "model": "kutuphane_app.odunckaydi",
  "pk": 125,
  "fields": {
    "ogrenci": 14,
    "kitap_nusha": 39,
    "odunc_tarihi": "2025-09-08T09:35:58.976Z",
    "iade_tarihi": "2025-09-23T09:35:58.976Z",
    "teslim_tarihi": null,
    "durum": "oduncte",
    "gecikme_cezasi": null
  }
},
{
  "model": "kutuphane_app.odunckaydi",
  "pk": 126,
  "fields": {
    "ogrenci": 71,
    "kitap_nusha": 40,
    "odunc_tarihi": "2025-09-17T09:35:58.976Z",
    "iade_tarihi": "2025-10-02T09:35:58.976Z",
    "teslim_tarihi": null,
    "durum": "oduncte",
    "gecikme_cezasi": null
  }
},
{
  "model": "kutuphane_app.odunckaydi",
  "pk": 127,
  "fields": {
    "ogrenci": 46,
    "kitap_nusha": 168,
    "odunc_tarihi": "2025-09-29T09:35:58.976Z",
    "iade_tarihi": "2025-10-14T09:35:58.976Z",
    "teslim_tarihi": null,
    "durum": "oduncte",
    "gecikme_cezasi": null
  }
},
{
  "model": "kutuphane_app.odunckaydi",
  "pk": 128,
  "fields": {
    "ogrenci": 3,
    "kitap_nusha": 170,
    "odunc_tarihi": "2025-09-07T09:35:58.976Z",
    "iade_tarihi": "2025-09-22T09:35:58.976Z",
    "teslim_tarihi": null,
    "durum": "oduncte",
    "gecikme_cezasi": null
  }
},
{
  "model": "kutuphane_app.odunckaydi",
  "pk": 129,
  "fields": {
    "ogrenci": 23,
    "kitap_nusha": 43,
    "odunc_tarihi": "2025-09-15T09:35:58.976Z",
    "iade_tarihi": "2025-09-30T09:35:58.976Z",
    "teslim_tarihi": null,
    "durum": "oduncte",
    "gecikme_cezasi": null
  }
},
{
  "model": "kutuphane_app.odunckaydi",
  "pk": 130,
  "fields": {
    "ogrenci": 76,
    "kitap_nusha": 171,
    "odunc_tarihi": "2025-09-21T09:35:58.976Z",
    "iade_tarihi": "2025-10-06T09:35:58.976Z",
    "teslim_tarihi": null,
    "durum": "oduncte",
    "gecikme_cezasi": null
  }
},
{
  "model": "kutuphane_app.odunckaydi",
  "pk": 131,
  "fields": {
    "ogrenci": 82,
    "kitap_nusha": 41,
    "odunc_tarihi": "2025-09-25T09:35:58.976Z",
    "iade_tarihi": "2025-10-10T09:35:58.976Z",
    "teslim_tarihi": null,
    "durum": "oduncte",
    "gecikme_cezasi": null
  }
},
{
  "model": "kutuphane_app.odunckaydi",
  "pk": 132,
  "fields": {
    "ogrenci": 35,
    "kitap_nusha": 174,
    "odunc_tarihi": "2025-09-24T09:35:58.976Z",
    "iade_tarihi": "2025-10-09T09:35:58.976Z",
    "teslim_tarihi": null,
    "durum": "oduncte",
    "gecikme_cezasi": null
  }
},
{
  "model": "kutuphane_app.odunckaydi",
  "pk": 133,
  "fields": {
    "ogrenci": 34,
    "kitap_nusha": 46,
    "odunc_tarihi": "2025-09-21T09:35:58.976Z",
    "iade_tarihi": "2025-10-06T09:35:58.976Z",
    "teslim_tarihi": null,
    "durum": "oduncte",
    "gecikme_cezasi": null
  }
},
{
  "model": "kutuphane_app.odunckaydi",
  "pk": 134,
  "fields": {
    "ogrenci": 33,
    "kitap_nusha": 175,
    "odunc_tarihi": "2025-09-09T09:35:58.976Z",
    "iade_tarihi": "2025-09-24T09:35:58.976Z",
    "teslim_tarihi": null,
    "durum": "oduncte",
    "gecikme_cezasi": null
  }
},
{
  "model": "kutuphane_app.odunckaydi",
  "pk": 135,
  "fields": {
    "ogrenci": 59,
    "kitap_nusha": 49,
    "odunc_tarihi": "2025-09-02T09:35:58.976Z",
    "iade_tarihi": "2025-09-17T09:35:58.976Z",
    "teslim_tarihi": null,
    "durum": "oduncte",
    "gecikme_cezasi": null
  }
},
{
  "model": "kutuphane_app.odunckaydi",
  "pk": 136,
  "fields": {
    "ogrenci": 2,
    "kitap_nusha": 181,
    "odunc_tarihi": "2025-09-30T09:35:58.976Z",
    "iade_tarihi": "2025-10-15T09:35:58.976Z",
    "teslim_tarihi": null,
    "durum": "oduncte",
    "gecikme_cezasi": null
  }
},
{
  "model": "kutuphane_app.odunckaydi",
  "pk": 137,
  "fields": {
    "ogrenci": 111,
    "kitap_nusha": 183,
    "odunc_tarihi": "2025-09-20T09:35:58.976Z",
    "iade_tarihi": "2025-10-05T09:35:58.976Z",
    "teslim_tarihi": null,
    "durum": "oduncte",
    "gecikme_cezasi": null
  }
},
{
  "model": "kutuphane_app.odunckaydi",
  "pk": 138,
  "fields": {
    "ogrenci": 57,
    "kitap_nusha": 56,
    "odunc_tarihi": "2025-09-03T09:35:58.976Z",
    "iade_tarihi": "2025-09-18T09:35:58.976Z",
    "teslim_tarihi": null,
    "durum": "oduncte",
    "gecikme_cezasi": null
  }
},
{
  "model": "kutuphane_app.odunckaydi",
  "pk": 139,
  "fields": {
    "ogrenci": 68,
    "kitap_nusha": 186,
    "odunc_tarihi": "2025-09-03T09:35:58.976Z",
    "iade_tarihi": "2025-09-18T09:35:58.976Z",
    "teslim_tarihi": null,
    "durum": "oduncte",
    "gecikme_cezasi": null
  }
},
{
  "model": "kutuphane_app.odunckaydi",
  "pk": 140,
  "fields": {
    "ogrenci": 54,
    "kitap_nusha": 61,
    "odunc_tarihi": "2025-09-03T09:35:58.976Z",
    "iade_tarihi": "2025-09-18T09:35:58.976Z",
    "teslim_tarihi": null,
    "durum": "oduncte",
    "gecikme_cezasi": null
  }
},
{
  "model": "kutuphane_app.odunckaydi",
  "pk": 141,
  "fields": {
    "ogrenci": 1,
    "kitap_nusha": 62,
    "odunc_tarihi": "2025-09-25T09:35:58.976Z",
    "iade_tarihi": "2025-10-10T09:35:58.976Z",
    "teslim_tarihi": null,
    "durum": "oduncte",
    "gecikme_cezasi": null
  }
},
{
  "model": "kutuphane_app.odunckaydi",
  "pk": 142,
  "fields": {
    "ogrenci": 107,
    "kitap_nusha": 63,
    "odunc_tarihi": "2025-09-22T09:35:58.976Z",
    "iade_tarihi": "2025-10-07T09:35:58.976Z",
    "teslim_tarihi": null,
    "durum": "oduncte",
    "gecikme_cezasi": null
  }
},
{
  "model": "kutuphane_app.odunckaydi",
  "pk": 143,
  "fields": {
    "ogrenci": 108,
    "kitap_nusha": 189,
    "odunc_tarihi": "2025-09-18T09:35:58.976Z",
    "iade_tarihi": "2025-10-03T09:35:58.976Z",
    "teslim_tarihi": null,
    "durum": "oduncte",
    "gecikme_cezasi": null
  }
},
{
  "model": "kutuphane_app.odunckaydi",
  "pk": 144,
  "fields": {
    "ogrenci": 72,
    "kitap_nusha": 66,
    "odunc_tarihi": "2025-09-15T09:35:58.976Z",
    "iade_tarihi": "2025-09-30T09:35:58.976Z",
    "teslim_tarihi": null,
    "durum": "oduncte",
    "gecikme_cezasi": null
  }
},
{
  "model": "kutuphane_app.odunckaydi",
  "pk": 146,
  "fields": {
    "ogrenci": 54,
    "kitap_nusha": 75,
    "odunc_tarihi": "2025-09-22T09:35:58.976Z",
    "iade_tarihi": "2025-10-07T09:35:58.976Z",
    "teslim_tarihi": null,
    "durum": "oduncte",
    "gecikme_cezasi": null
  }
},
{
  "model": "kutuphane_app.odunckaydi",
  "pk": 147,
  "fields": {
    "ogrenci": 93,
    "kitap_nusha": 76,
    "odunc_tarihi": "2025-09-15T09:35:58.976Z",
    "iade_tarihi": "2025-09-30T09:35:58.976Z",
    "teslim_tarihi": null,
    "durum": "oduncte",
    "gecikme_cezasi": null
  }
},
{
  "model": "kutuphane_app.odunckaydi",
  "pk": 148,
  "fields": {
    "ogrenci": 14,
    "kitap_nusha": 80,
    "odunc_tarihi": "2025-09-02T09:35:58.976Z",
    "iade_tarihi": "2025-09-17T09:35:58.976Z",
    "teslim_tarihi": null,
    "durum": "oduncte",
    "gecikme_cezasi": null
  }
},
{
  "model": "kutuphane_app.odunckaydi",
  "pk": 149,
  "fields": {
    "ogrenci": 14,
    "kitap_nusha": 82,
    "odunc_tarihi": "2025-09-02T09:35:58.976Z",
    "iade_tarihi": "2025-09-17T09:35:58.976Z",
    "teslim_tarihi": null,
    "durum": "oduncte",
    "gecikme_cezasi": null
  }
},
{
  "model": "kutuphane_app.odunckaydi",
  "pk": 152,
  "fields": {
    "ogrenci": 104,
    "kitap_nusha": 103,
    "odunc_tarihi": "2025-09-21T09:35:58.976Z",
    "iade_tarihi": "2025-10-06T09:35:58.976Z",
    "teslim_tarihi": null,
    "durum": "oduncte",
    "gecikme_cezasi": null
  }
},
{
  "model": "kutuphane_app.odunckaydi",
  "pk": 153,
  "fields": {
    "ogrenci": 64,
    "kitap_nusha": 104,
    "odunc_tarihi": "2025-09-28T09:35:58.976Z",
    "iade_tarihi": "2025-10-13T09:35:58.976Z",
    "teslim_tarihi": null,
    "durum": "oduncte",
    "gecikme_cezasi": null
  }
},
{
  "model": "kutuphane_app.odunckaydi",
  "pk": 154,
  "fields": {
    "ogrenci": 49,
    "kitap_nusha": 105,
    "odunc_tarihi": "2025-09-12T09:35:58.976Z",
    "iade_tarihi": "2025-09-27T09:35:58.976Z",
    "teslim_tarihi": null,
    "durum": "oduncte",
    "gecikme_cezasi": null
  }
},
{
  "model": "kutuphane_app.odunckaydi",
  "pk": 155,
  "fields": {
    "ogrenci": 5,
    "kitap_nusha": 106,
    "odunc_tarihi": "2025-10-01T09:35:58.976Z",
    "iade_tarihi": "2025-10-16T09:35:58.976Z",
    "teslim_tarihi": null,
    "durum": "oduncte",
    "gecikme_cezasi": null
  }
},
{
  "model": "kutuphane_app.odunckaydi",
  "pk": 156,
  "fields": {
    "ogrenci": 31,
    "kitap_nusha": 110,
    "odunc_tarihi": "2025-09-20T09:35:58.976Z",
    "iade_tarihi": "2025-10-05T09:35:58.976Z",
    "teslim_tarihi": null,
    "durum": "oduncte",
    "gecikme_cezasi": null
  }
},
{
  "model": "kutuphane_app.odunckaydi",
  "pk": 157,
  "fields": {
    "ogrenci": 83,
    "kitap_nusha": 115,
    "odunc_tarihi": "2025-09-23T09:35:58.976Z",
    "iade_tarihi": "2025-10-08T09:35:58.976Z",
    "teslim_tarihi": null,
    "durum": "oduncte",
    "gecikme_cezasi": null
  }
},
{
  "model": "kutuphane_app.odunckaydi",
  "pk": 158,
  "fields": {
    "ogrenci": 87,
    "kitap_nusha": 116,
    "odunc_tarihi": "2025-09-26T09:35:58.976Z",
    "iade_tarihi": "2025-10-11T09:35:58.976Z",
    "teslim_tarihi": null,
    "durum": "oduncte",
    "gecikme_cezasi": null
  }
},
{
  "model": "kutuphane_app.odunckaydi",
  "pk": 159,
  "fields": {
    "ogrenci": 61,
    "kitap_nusha": 122,
    "odunc_tarihi": "2025-09-09T09:35:58.976Z",
    "iade_tarihi": "2025-09-24T09:35:58.976Z",
    "teslim_tarihi": null,
    "durum": "oduncte",
    "gecikme_cezasi": null
  }
},
{
  "model": "kutuphane_app.odunckaydi",
  "pk": 160,
  "fields": {
    "ogrenci": 68,
    "kitap_nusha": 124,
    "odunc_tarihi": "2025-09-03T09:35:58.976Z",
    "iade_tarihi": "2025-09-18T09:35:58.976Z",
    "teslim_tarihi": null,
    "durum": "oduncte",
    "gecikme_cezasi": null
  }
}
]
